    -1
   164
         1  SI: Meter (newton)         2
    1.0000000000000000E+0    1.0000000000000000E+0    1.0000000000000000E+0
    2.7314999999999998E+2
    -1
    -1
  2420
         1
SMESH_Mesh
         1         0         0
Global Cartesian Coordinate System
    1.0000000000000000E+0    0.0000000000000000E+0    0.0000000000000000E+0
    0.0000000000000000E+0    1.0000000000000000E+0    0.0000000000000000E+0
    0.0000000000000000E+0    0.0000000000000000E+0    1.0000000000000000E+0
    0.0000000000000000E+0    0.0000000000000000E+0    0.0000000000000000E+0
    -1
    -1
  2411
         1         1         1        11
   1.5000000000000002E+00   4.0000000000000000E+00   3.0000000000000000E+00
         2         1         1        11
   1.5000000000000002E+00   4.0000000000000000E+00  -3.0000000000000000E+00
         3         1         1        11
   1.0000000000000000E+00   2.5000000000000000E+00   1.0000000000000000E-02
         4         1         1        11
   1.0000000000000000E+00   2.5000000000000000E+00   0.0000000000000000E+00
         5         1         1        11
   1.0000000000000000E+00   4.5000000000000000E+00   1.0000000000000000E-02
         6         1         1        11
   1.0000000000000000E+00   4.5000000000000000E+00   0.0000000000000000E+00
         7         1         1        11
   1.0750000000000000E+00   2.5000000000000000E+00   0.0000000000000000E+00
         8         1         1        11
   1.0750000000000000E+00   2.5000000000000000E+00   1.0000000000000000E-02
         9         1         1        11
   1.0750000000000000E+00   4.5000000000000000E+00   1.0000000000000000E-02
        10         1         1        11
   1.0750000000000000E+00   4.5000000000000000E+00   0.0000000000000000E+00
        11         1         1        11
   1.1499999999999999E+00   2.5000000000000000E+00   1.0000000000000000E-02
        12         1         1        11
   1.1499999999999999E+00   2.5000000000000000E+00   0.0000000000000000E+00
        13         1         1        11
   1.1499999999999999E+00   4.5000000000000000E+00   1.0000000000000000E-02
        14         1         1        11
   1.1499999999999999E+00   4.5000000000000000E+00   0.0000000000000000E+00
        15         1         1        11
   1.2249999999999999E+00   2.5000000000000000E+00   0.0000000000000000E+00
        16         1         1        11
   1.2249999999999999E+00   2.5000000000000000E+00   1.0000000000000000E-02
        17         1         1        11
   1.2249999999999999E+00   4.5000000000000000E+00   1.0000000000000000E-02
        18         1         1        11
   1.2249999999999999E+00   4.5000000000000000E+00   0.0000000000000000E+00
        19         1         1        11
   2.4270509831248392E+00   3.9999999999999996E+00  -2.8531695488854618E+00
        20         1         1        11
   3.2633557568774165E+00   3.9999999999999996E+00  -2.4270509831248441E+00
        21         1         1        11
   3.9270509831248388E+00   3.9999999999999996E+00  -1.7633557568774241E+00
        22         1         1        11
   4.3531695488854574E+00   3.9999999999999991E+00  -9.2705098312485057E-01
        23         1         1        11
   4.5000000000000000E+00   3.9999999999999991E+00  -8.7283695895945534E-15
        24         1         1        11
   4.3531695488854627E+00   3.9999999999999991E+00   9.2705098312483658E-01
        25         1         1        11
   3.9270509831248441E+00   3.9999999999999996E+00   1.7633557568774165E+00
        26         1         1        11
   3.2633557568774201E+00   3.9999999999999996E+00   2.4270509831248415E+00
        27         1         1        11
   2.4270509831248406E+00   3.9999999999999996E+00   2.8531695488854614E+00
        28         1         1        11
   1.9693033951206895E+00   4.0000000000000000E+00  -2.9630650217854138E+00
        29         1         1        11
   2.8619714992186376E+00   3.9999999999999996E+00  -2.6730195725651051E+00
        30         1         1        11
   3.6213203435596402E+00   3.9999999999999996E+00  -2.1213203435596450E+00
        31         1         1        11
   4.1730195725650994E+00   3.9999999999999996E+00  -1.3619714992186480E+00
        32         1         1        11
   4.4630650217854120E+00   3.9999999999999991E+00  -4.6930339512070118E-01
        33         1         1        11
   4.4630650217854138E+00   3.9999999999999991E+00   4.6930339512068664E-01
        34         1         1        11
   4.1730195725651047E+00   3.9999999999999996E+00   1.3619714992186371E+00
        35         1         1        11
   3.6213203435596428E+00   3.9999999999999996E+00   2.1213203435596419E+00
        36         1         1        11
   2.8619714992186385E+00   3.9999999999999996E+00   2.6730195725651043E+00
        37         1         1        11
   1.9693033951206962E+00   4.0000000000000000E+00   2.9630650217854129E+00
        38         1         1        11
   1.0000000000000000E+00   2.5000000000000000E+00   5.0000000000000001E-03
        39         1         1        11
   1.0000000000000000E+00   3.5000000000000000E+00   1.0000000000000000E-02
        40         1         1        11
   1.0000000000000000E+00   3.0000000000000000E+00   1.0000000000000000E-02
        41         1         1        11
   1.0000000000000000E+00   4.0000000000000000E+00   1.0000000000000000E-02
        42         1         1        11
   1.0000000000000000E+00   4.5000000000000000E+00   5.0000000000000001E-03
        43         1         1        11
   1.0000000000000000E+00   3.5000000000000000E+00   0.0000000000000000E+00
        44         1         1        11
   1.0000000000000000E+00   3.0000000000000000E+00   0.0000000000000000E+00
        45         1         1        11
   1.0000000000000000E+00   4.0000000000000000E+00   0.0000000000000000E+00
        46         1         1        11
   1.0375000000000001E+00   2.5000000000000000E+00   0.0000000000000000E+00
        47         1         1        11
   1.0750000000000000E+00   2.5000000000000000E+00   5.0000000000000001E-03
        48         1         1        11
   1.0375000000000001E+00   2.5000000000000000E+00   1.0000000000000000E-02
        49         1         1        11
   1.0375000000000001E+00   4.5000000000000000E+00   1.0000000000000000E-02
        50         1         1        11
   1.0750000000000000E+00   3.5000000000000000E+00   1.0000000000000000E-02
        51         1         1        11
   1.0750000000000000E+00   3.0000000000000000E+00   1.0000000000000000E-02
        52         1         1        11
   1.0750000000000000E+00   4.0000000000000000E+00   1.0000000000000000E-02
        53         1         1        11
   1.0375000000000001E+00   4.5000000000000000E+00   0.0000000000000000E+00
        54         1         1        11
   1.0750000000000000E+00   4.5000000000000000E+00   5.0000000000000001E-03
        55         1         1        11
   1.0750000000000000E+00   3.5000000000000000E+00   0.0000000000000000E+00
        56         1         1        11
   1.0750000000000000E+00   3.0000000000000000E+00   0.0000000000000000E+00
        57         1         1        11
   1.0750000000000000E+00   4.0000000000000000E+00   0.0000000000000000E+00
        58         1         1        11
   1.1499999999999999E+00   2.5000000000000000E+00   5.0000000000000001E-03
        59         1         1        11
   1.1499999999999999E+00   3.5000000000000000E+00   1.0000000000000000E-02
        60         1         1        11
   1.1499999999999999E+00   3.0000000000000000E+00   1.0000000000000000E-02
        61         1         1        11
   1.1499999999999999E+00   4.0000000000000000E+00   1.0000000000000000E-02
        62         1         1        11
   1.1499999999999999E+00   4.5000000000000000E+00   5.0000000000000001E-03
        63         1         1        11
   1.1499999999999999E+00   3.5000000000000000E+00   0.0000000000000000E+00
        64         1         1        11
   1.1499999999999999E+00   3.0000000000000000E+00   0.0000000000000000E+00
        65         1         1        11
   1.1499999999999999E+00   4.0000000000000000E+00   0.0000000000000000E+00
        66         1         1        11
   1.1875000000000000E+00   2.5000000000000000E+00   0.0000000000000000E+00
        67         1         1        11
   1.2249999999999999E+00   2.5000000000000000E+00   5.0000000000000001E-03
        68         1         1        11
   1.1875000000000000E+00   2.5000000000000000E+00   1.0000000000000000E-02
        69         1         1        11
   1.1875000000000000E+00   4.5000000000000000E+00   1.0000000000000000E-02
        70         1         1        11
   1.2249999999999999E+00   3.5000000000000000E+00   1.0000000000000000E-02
        71         1         1        11
   1.2249999999999999E+00   3.0000000000000000E+00   1.0000000000000000E-02
        72         1         1        11
   1.2249999999999999E+00   4.0000000000000000E+00   1.0000000000000000E-02
        73         1         1        11
   1.1875000000000000E+00   4.5000000000000000E+00   0.0000000000000000E+00
        74         1         1        11
   1.2249999999999999E+00   4.5000000000000000E+00   5.0000000000000001E-03
        75         1         1        11
   1.2249999999999999E+00   3.5000000000000000E+00   0.0000000000000000E+00
        76         1         1        11
   1.2249999999999999E+00   3.0000000000000000E+00   0.0000000000000000E+00
        77         1         1        11
   1.2249999999999999E+00   4.0000000000000000E+00   0.0000000000000000E+00
        78         1         1        11
   2.3485111835230357E+00   5.6708377510489143E+00   2.3427185023186512E+00
        79         1         1        11
   1.7490309736420737E+00   5.1863320540534268E+00   2.7441938400361332E+00
        80         1         1        11
   1.4837089631729392E+00   5.9225289398779530E+00   2.3029583316792452E+00
        81         1         1        11
   8.6991226671715116E-01   5.2309842387868679E+00   2.6622673141938238E+00
        82         1         1        11
   1.4381846422265221E+00   2.9194774466127544E+00  -2.7979724575422189E+00
        83         1         1        11
   1.1503727518615496E+00   3.5806379836265139E+00  -2.9498976739172322E+00
        84         1         1        11
   6.2453173761865943E-01   3.0666760998989089E+00  -2.7133856745886833E+00
        85         1         1        11
   4.0255038325282886E+00   3.0037893997015321E+00  -1.2764775092957552E+00
        86         1         1        11
   3.3527118956667001E+00   2.2748913957406458E+00  -1.6098008992311574E+00
        87         1         1        11
   3.7416877068960637E+00   2.2344466244034882E+00  -9.2609799841638218E-01
        88         1         1        11
   4.2775709643754745E-01   3.8452246083091781E+00  -2.7975596032769192E+00
        89         1         1        11
  -6.6743122304600000E-03   1.4114712161361913E+00   1.7161367070668410E-01
        90         1         1        11
   1.4516773899700519E-02   1.6388827656309890E+00   1.1038410168771042E+00
        91         1         1        11
   6.0986883791247726E-01   1.2433425126053685E+00   7.8006795311167232E-01
        92         1         1        11
   2.8844892460317757E+00   6.6607864107387353E+00   5.8354126250336147E-02
        93         1         1        11
   2.9748848210831973E+00   6.5093562236967530E+00  -7.2653018322211316E-01
        94         1         1        11
   3.5722534914901853E+00   6.1581392788708413E+00  -2.1954571278341614E-01
        95         1         1        11
   2.2049927295392902E+00   6.8953872637711946E+00  -3.4600266485722231E-01
        96         1         1        11
   3.1061753630345610E+00   5.0854558865816619E+00   2.2895384297857975E+00
        97         1         1        11
   3.4985358167593787E+00   5.4861869254987781E+00   1.6724541881936297E+00
        98         1         1        11
   3.6448499004411166E+00   4.6940866177385896E+00   1.9793591568116020E+00
        99         1         1        11
   2.8986436677951013E+00   5.8611912960206407E+00   1.8920261230103761E+00
       100         1         1        11
   4.0096537345669470E+00   5.6339478208496354E+00   1.7847311090163279E-01
       101         1         1        11
   3.3988654456879721E+00   6.2594362415025913E+00   5.3782700727730881E-01
       102         1         1        11
   2.8898795092277267E+00   6.1318415256513106E+00  -1.5885486015031409E+00
       103         1         1        11
   2.8791353493387151E+00   5.4217375723873769E+00  -2.2531417983487918E+00
       104         1         1        11
   3.5139160793239594E+00   5.4924004644389921E+00  -1.6482969632874687E+00
       105         1         1        11
   2.3322397059395681E+00   5.8611713680865876E+00  -2.2007767289010309E+00
       106         1         1        11
  -5.5453948226907723E-01   1.8800786486277916E+00   5.3366748054733504E-01
       107         1         1        11
   2.0910176738222641E+00   5.2589047678305052E+00  -2.6581679583433662E+00
       108         1         1        11
   1.1994561569627804E+00   5.0827632271860832E+00  -2.7815997541461632E+00
       109         1         1        11
   1.8902245537969344E+00   4.6090208419804535E+00  -2.9114976235002157E+00
       110         1         1        11
   9.7219921242002105E-01   1.0528260493117063E+00   1.8865850898994119E-01
       111         1         1        11
   4.0214047871770493E+00   3.1737263390821036E+00   1.3999249038694881E+00
       112         1         1        11
   4.2831404769454924E+00   3.0197532199418240E+00   5.4152131608385701E-01
       113         1         1        11
   3.8750112545385145E+00   2.5781143340765880E+00   1.1565304552223969E+00
       114         1         1        11
   2.1197360218072077E+00   6.7163631650373095E+00   1.1123391654091248E+00
       115         1         1        11
   1.3163865705085638E+00   6.5497365151011433E+00   1.5700731868515780E+00
       116         1         1        11
   1.2799601023144647E+00   6.8705916106212239E+00   8.4337787999068847E-01
       117         1         1        11
   4.0852425958084004E-01   6.5363421944965072E+00   1.1728806335229029E+00
       118         1         1        11
   4.8031888290932723E-01   6.8115505566719587E+00  -2.3544402036644574E-01
       119         1         1        11
  -2.4812481532455344E-01   6.4159986018870505E+00   3.2712441933661035E-01
       120         1         1        11
  -2.6710369012231827E-01   6.3704761941093251E+00  -5.0812120750570378E-01
       121         1         1        11
  -8.1134689894436818E-01   5.9077086455381753E+00  -1.3536334983721271E-01
       122         1         1        11
   3.8153260446218291E+00   2.2041329259290690E+00   6.4352681324382277E-01
       123         1         1        11
   1.3289279139949448E+00   6.9153756972698499E+00  -6.8652668204390743E-01
       124         1         1        11
   1.3159270224067243E+00   6.9938642379815352E+00   5.3796500399082375E-02
       125         1         1        11
   3.2817600318995099E+00   1.6409784295774679E+00  -5.1024348992091040E-01
       126         1         1        11
   3.8963728978982517E+00   2.1959233061562569E+00  -5.2002086002054922E-02
       127         1         1        11
   1.0587354856690694E+00   4.3137187497636909E+00  -2.9507399367682328E+00
       128         1         1        11
   3.2332170165432732E+00   1.5833312090772003E+00   3.9455130026976870E-01
       129         1         1        11
   2.4946227591565964E+00   1.1732784628261124E+00  -1.4272672575595657E-01
       130         1         1        11
  -1.0143151454650812E+00   2.6966700312783303E+00  -9.8972235597508718E-01
       131         1         1        11
  -8.1265670710064430E-01   2.1026191791154165E+00  -2.2707922767560323E-01
       132         1         1        11
  -5.3659886527408140E-01   2.1115838696999383E+00  -1.1340853498687231E+00
       133         1         1        11
  -5.8671321174445845E-02   1.5570090380185877E+00  -7.7610493634910127E-01
       134         1         1        11
   2.0894978266286079E-01   1.8924899581980181E+00  -1.7004678062279024E+00
       135         1         1        11
   3.3921653148979338E+00   3.2455189739104275E+00   2.2023779880774392E+00
       136         1         1        11
   7.0906354846896946E-01   1.4815646072479831E+00   1.4254482460522711E+00
       137         1         1        11
   1.5233422450474050E+00   1.1538516561695009E+00   9.4810059830539783E-01
       138         1         1        11
   4.3037973214638345E+00   3.0302633889890433E+00  -4.4534423249573274E-01
       139         1         1        11
   8.1408751392013579E-01   1.3152747820234745E+00  -1.1496845503879032E+00
       140         1         1        11
   3.0083607560804890E+00   6.2527531765264213E+00   1.2845041670490658E+00
       141         1         1        11
   2.1217886142726483E+00   6.3159564538076740E+00   1.8026992603391947E+00
       142         1         1        11
  -4.6791651750210872E-01   2.6224517019349678E+00  -1.7971269478366030E+00
       143         1         1        11
   1.9331665198298853E+00   6.3091832734636055E+00  -1.8654863643710646E+00
       144         1         1        11
   1.2618152943097074E+00   6.6382918368225461E+00  -1.4080782044086708E+00
       145         1         1        11
   1.1248867766381065E+00   6.1470531595510742E+00  -2.0614200929749371E+00
       146         1         1        11
   2.2745166679148219E+00   6.6755831245072361E+00  -1.1141718336837529E+00
       147         1         1        11
   1.2915712916588773E-01   3.3272396565723046E+00   2.5822825840318751E+00
       148         1         1        11
   3.7612868620973550E-01   2.4943336491460686E+00   2.3387779094958008E+00
       149         1         1        11
  -5.4795114691967717E-01   2.7822194064433932E+00   1.8228841229730688E+00
       150         1         1        11
  -6.4954573694459272E-01   3.6106649059547951E+00   2.0561788125861375E+00
       151         1         1        11
  -9.5440860143498751E-01   3.3848044678550750E+00  -1.6116491164117801E+00
       152         1         1        11
  -2.3561122543674173E-01   3.3668316849278597E+00  -2.3636310115850732E+00
       153         1         1        11
  -7.5781939415384381E-01   4.2322510789588454E+00  -1.9617112477898528E+00
       154         1         1        11
   1.5333309454095327E+00   5.7044083886121077E+00  -2.4685787597131239E+00
       155         1         1        11
   3.5578737973474701E+00   4.7781295876500423E+00  -2.0395268517512286E+00
       156         1         1        11
  -1.0850989577965837E+00   2.6828059306279659E+00   7.6306170262316053E-01
       157         1         1        11
  -1.3931418177176007E+00   3.2161764596754008E+00  -1.2389947621645152E-01
       158         1         1        11
  -8.6712415326102699E-01   5.6242437396476692E+00  -8.7095092701232091E-01
       159         1         1        11
  -1.2211950372635778E+00   4.8538363732768408E+00  -9.3062399326555489E-01
       160         1         1        11
  -8.2873329188330569E-01   5.0455180619204700E+00  -1.5760371941906723E+00
       161         1         1        11
  -1.1944967831671671E+00   4.2386056688393117E+00  -1.2972102452183811E+00
       162         1         1        11
   3.3738704844398835E+00   1.9590208892781029E+00   1.1502233162051141E+00
       163         1         1        11
  -1.1819690647660877E+00   3.6559985346102923E+00   1.2995017997092009E+00
       164         1         1        11
  -1.3896684341308192E+00   3.4587196095200823E+00   5.9735406558409543E-01
       165         1         1        11
  -1.4614560769085041E+00   4.1677679568481691E+00   4.4903431627959733E-01
       166         1         1        11
  -1.1661120228375030E+00   4.5342107044118585E+00   1.2674642420885507E+00
       167         1         1        11
   6.0523530833576544E-01   6.8223915389127558E+00   4.8322059933811778E-01
       168         1         1        11
  -1.2807466826203808E+00   4.9253752005041029E+00   6.4119312643519155E-01
       169         1         1        11
  -1.3218084779392147E+00   3.5675677034318096E+00  -9.2217092922903121E-01
       170         1         1        11
  -2.5340627052213405E-01   5.6868741378805883E+00  -1.7549991719209672E+00
       171         1         1        11
  -1.5588355301315082E-01   6.2114153339029121E+00  -1.1694835953700315E+00
       172         1         1        11
   7.6399389542927332E-01   1.8464544977652255E+00   1.9546193449976386E+00
       173         1         1        11
   1.4274799071018189E+00   2.2175947306896306E+00   2.4120058648479006E+00
       174         1         1        11
   1.5253712712015410E+00   1.5269823177984048E+00   1.6980988905584584E+00
       175         1         1        11
   9.5211920801901295E-01   3.5444515469035047E+00   2.9141554942486643E+00
       176         1         1        11
   9.4314196387537386E-01   2.8785523484578932E+00   2.7262179466165426E+00
       177         1         1        11
  -5.4864154364304785E-01   2.1767448002924068E+00   1.2160626227292139E+00
       178         1         1        11
  -6.4047817059769141E-03   2.1315808689377840E+00   1.7999318276907272E+00
       179         1         1        11
   2.1777371665496106E+00   1.8975948514863892E+00   2.0299174674308231E+00
       180         1         1        11
   5.2723519867326152E-01   1.1984910618396700E+00  -4.5307428828783680E-01
       181         1         1        11
   1.5369541780246334E+00   1.0491562544868067E+00  -5.3958834150877588E-01
       182         1         1        11
   2.5295882222999850E+00   1.3433183004212532E+00  -9.3914346061958898E-01
       183         1         1        11
   1.7487338577793947E+00   1.3970205483782761E+00  -1.4705881280729993E+00
       184         1         1        11
   4.3119193314191069E+00   4.8928566858497256E+00   5.4398217997004494E-01
       185         1         1        11
   4.3559867335822879E+00   4.8699679487699381E+00  -2.9410125078789573E-01
       186         1         1        11
   1.0675682506837485E+00   1.6244923613653239E+00  -1.7804399009715528E+00
       187         1         1        11
   1.9876845178437552E-01   2.6174432872993645E+00  -2.3227856969799818E+00
       188         1         1        11
   9.5816383054284904E-01   2.2656532784953392E+00  -2.3871436938471122E+00
       189         1         1        11
   1.8327325032351753E+00   2.4007589758291328E+00  -2.5162903703467472E+00
       190         1         1        11
   1.8163119237478111E+00   1.8716833905448174E+00  -2.0905059619173905E+00
       191         1         1        11
   2.7672407133478876E+00   4.7113703853991975E+00  -2.6245100779403634E+00
       192         1         1        11
   4.4944716253528227E-01   6.6500525364201941E+00  -9.3464447246411497E-01
       193         1         1        11
   4.3760342410348452E-01   4.6905267466225489E+00  -2.7192804797817818E+00
       194         1         1        11
  -1.1823225848665109E-01   4.2580259943677774E+00  -2.5129160240293968E+00
       195         1         1        11
   3.2271922138115583E-02   4.7790285773022187E+00   2.4977767644852369E+00
       196         1         1        11
   1.9448193622193455E-01   5.5105223310785272E+00   2.2391839746796736E+00
       197         1         1        11
  -7.3715142761088437E-01   4.4667724071530106E+00   1.9435218058615051E+00
       198         1         1        11
   1.7510105933733251E+00   3.0953981198559304E+00   2.8493313462028569E+00
       199         1         1        11
   4.0278531371118449E+00   5.5463834070375349E+00  -4.6760760861302392E-01
       200         1         1        11
   3.6027477595069199E+00   5.8886358729769492E+00  -1.0057367444780090E+00
       201         1         1        11
   6.7644640121125144E-01   6.0716167210558627E+00   2.0075267447692582E+00
       202         1         1        11
  -1.4493021266575359E+00   4.1835183896983255E+00  -5.1762724651612835E-01
       203         1         1        11
   3.5030972053941336E+00   2.4989640071835297E+00   1.6536301079781066E+00
       204         1         1        11
   2.6072518518680368E+00   3.3015290522331098E+00   2.6992835478438399E+00
       205         1         1        11
   2.8601728364038275E+00   2.5174960884621704E+00   2.2253341338738784E+00
       206         1         1        11
   2.2771689597326521E+00   2.5350471607907323E+00   2.4999843173349654E+00
       207         1         1        11
   4.4615166393327188E-01   6.2698632713751632E+00  -1.6544257051410418E+00
       208         1         1        11
  -1.2998543450266782E+00   5.0698375297026024E+00  -1.2752767023303518E-01
       209         1         1        11
   3.7927197952323399E+00   5.6819858068521780E+00   9.5622156747147447E-01
       210         1         1        11
   4.0473775289616363E+00   4.8616478148147175E+00   1.3298235853549627E+00
       211         1         1        11
   3.1578488085704777E+00   1.8171648844533066E+00  -1.2193310404716604E+00
       212         1         1        11
   2.8754800550542465E+00   3.4832006718655251E+00  -2.6155253913100753E+00
       213         1         1        11
   4.1371076099988660E+00   4.9225900669446041E+00  -1.0929277293861746E+00
       214         1         1        11
  -1.4057329410611952E-01   5.9188547816802926E+00   1.6206528294142679E+00
       215         1         1        11
  -4.1585805816128474E-01   5.2879125539207976E+00   1.9159251432223758E+00
       216         1         1        11
  -4.1882280940730254E-01   6.0776328225083827E+00   1.0007801361608442E+00
       217         1         1        11
  -8.4534136625999245E-01   5.3216421456144047E+00   1.3238715627452180E+00
       218         1         1        11
  -9.2551845987935222E-01   5.6862354250598770E+00   5.2294387084813554E-01
       219         1         1        11
   2.6311256849118356E+00   2.3361225271913506E+00  -2.2253238956189354E+00
       220         1         1        11
   3.3289405511043864E+00   3.0548414268986810E+00  -2.1821209252053526E+00
       221         1         1        11
   2.6019865471600152E+00   1.7676296468747501E+00  -1.6739618443578084E+00
       222         1         1        11
   1.9702349638742451E+00   4.4333900267604207E+00   2.9310496692234320E+00
       223         1         1        11
   2.5608207989611032E+00   4.7798148093887116E+00   2.6956535562919752E+00
       224         1         1        11
   5.0246851932274927E-01   4.2697420960039292E+00   2.8164108625520639E+00
       225         1         1        11
  -2.0576826844278506E-01   4.0750813800218371E+00   2.4667219950265409E+00
       226         1         1        11
   2.9296294180748865E+00   1.9561177441009554E+00   1.6669448254204138E+00
       227         1         1        11
   2.3948460606206932E+00   3.0118346046620124E+00  -2.6875229634829441E+00
       228         1         1        11
   2.1400577912155887E+00   6.9037704490857124E+00   3.9804924685368492E-01
       229         1         1        11
  -2.1844411168317057E-01   4.9990342575120810E+00  -2.2469713810680196E+00
       230         1         1        11
   2.3404353323359888E+00   1.1710948659183771E+00   5.3941096997366589E-01
       231         1         1        11
   2.7183007094174787E+00   6.6514842839831214E+00   6.9668821808853876E-01
       232         1         1        11
   2.5142655615066953E+00   1.4711664550276269E+00   1.2554944335057681E+00
       233         1         1        11
   1.7697093639946708E+00   1.0195992503510714E+00   2.1087491663470054E-01
       234         1         1        11
   1.2921347187827821E+00   4.6272378180324720E+00   2.9263227341655860E+00
       235         1         1        11
   1.8753730518814451E+00   3.5426475585917969E+00  -2.9410752823175348E+00
       236         1         1        11
   5.5222517386593284E-01   5.5157870550838419E+00  -2.4091725721887984E+00
       237         1         1        11
   9.9342389387675356E-01   4.1369830459470025E+00   2.9537461457999554E+00
       238         1         1        11
   2.0997500694231328E+00   3.5394680114859449E+00   2.9031379818710370E+00
       239         1         1        11
   1.6271114193442380E+00   3.5419108517242441E+00   2.9620933508760805E+00
       240         1         1        11
   1.7364801904962923E+00   4.2179509478476502E+00   2.9827126083206790E+00
       241         1         1        11
   2.2025823615150633E+00   4.2179168760069210E+00   2.9084171400332690E+00
       242         1         1        11
   1.3497935385041808E+00   3.3118091016996023E+00   2.9161329370283164E+00
       243         1         1        11
   1.2240786317087913E+00   3.7705786471417477E+00   2.9784615561348105E+00
       244         1         1        11
   1.2457299700267339E+00   4.0687570589646000E+00   2.9884141645193578E+00
       245         1         1        11
   9.7015734076148563E-01   3.8399275088731013E+00   2.9484985253575231E+00
       246         1         1        11
   1.6321006464202521E+00   4.5340160589042329E+00   2.9491314429926216E+00
       247         1         1        11
   1.3954232989751865E+00   4.3155623747444993E+00   2.9815237884760166E+00
       248         1         1        11
   1.1411290422099309E+00   4.3838756800475949E+00   2.9536166132256967E+00
       249         1         1        11
   2.1647830172746412E+00   4.3073515764674459E+00  -2.9092264518916706E+00
       250         1         1        11
   1.6965673860931050E+00   4.3067814001438167E+00  -2.9777922082056572E+00
       251         1         1        11
   1.6886149848419334E+00   3.7701925501277751E+00  -2.9852324739417364E+00
       252         1         1        11
   2.1559783176400442E+00   3.7696500701616178E+00  -2.9183268077118418E+00
       253         1         1        11
   1.3244518920310313E+00   3.7894380117099318E+00  -2.9874481603662764E+00
       254         1         1        11
   1.1015218655536778E+00   3.9467733338579105E+00  -2.9729416574126675E+00
       255         1         1        11
   1.2784564309914277E+00   4.1575072756370144E+00  -2.9876596032935798E+00
       256         1         1        11
   1.5129681984159642E+00   3.5583976652602671E+00  -2.9672915602923586E+00
       257         1         1        11
   1.4741989350303908E+00   4.4664514609246950E+00  -2.9634029998715414E+00
       258         1         1        11
   2.6075638273611066E+00   4.3590626114069488E+00  -2.7648465435555081E+00
       259         1         1        11
   3.0322285807852642E+00   4.3596592442252291E+00  -2.5540009405378283E+00
       260         1         1        11
   3.0793874853533758E+00   3.7399588764114702E+00  -2.5373044328877756E+00
       261         1         1        11
   2.6597473061201677E+00   3.7396966126968425E+00  -2.7544923910778039E+00
       262         1         1        11
   2.3388361505862889E+00   4.6682444069256483E+00  -2.8017500468603842E+00
       263         1         1        11
   2.6424596800374283E+00   3.2426808181542577E+00  -2.6685676937820544E+00
       264         1         1        11
   2.4239357184020585E+00   3.4988732719140523E+00  -2.8098424850262949E+00
       265         1         1        11
   2.1406131388196807E+00   3.2709779678927213E+00  -2.8386866123391941E+00
       266         1         1        11
   3.7683833557094575E+00   4.3935620532357147E+00  -1.9234203549388751E+00
       267         1         1        11
   3.4333691370582127E+00   4.3936983392508031E+00  -2.2598861470308504E+00
       268         1         1        11
   3.3205247586303654E+00   3.5210070563111748E+00  -2.3358628733532636E+00
       269         1         1        11
   3.6714501620532229E+00   3.5177704842172477E+00  -2.0130223267085152E+00
       270         1         1        11
   3.1854610480069052E+00   4.7550098432720826E+00  -2.3641449177691558E+00
       271         1         1        11
   3.1152057069583243E+00   3.2630921356358389E+00  -2.4182798274078019E+00
       272         1         1        11
   4.0200289666791011E+00   3.4930940366918786E+00  -1.5467709434369814E+00
       273         1         1        11
   4.2361726463919220E+00   3.4932199817149163E+00  -1.1209519446450846E+00
       274         1         1        11
   4.2811151845327080E+00   4.4673405677027951E+00  -1.0232258421975242E+00
       275         1         1        11
   4.0807394440094065E+00   4.4701599550314590E+00  -1.4555870083299163E+00
       276         1         1        11
   3.7178864786563692E+00   3.0111857999730294E+00  -1.7615975833368622E+00
       277         1         1        11
   3.8894223166559634E+00   4.8655492204304061E+00  -1.5942037321743938E+00
       278         1         1        11
   4.4505416421727979E+00   3.5070041053732575E+00  -2.2640465031758727E-01
       279         1         1        11
   4.3757988459178119E+00   3.5070207249388803E+00  -6.9767645236025688E-01
       280         1         1        11
   4.4016056744200203E+00   4.4421500852002040E+00  -6.2063500733602939E-01
       281         1         1        11
   4.4637780113182277E+00   4.4403001568172407E+00  -1.4884781333054065E-01
       282         1         1        11
   4.1935720980515434E+00   3.0063574188036712E+00  -8.7025500483002283E-01
       283         1         1        11
   4.2732056732947381E+00   4.9049784598544974E+00  -7.0024587168027008E-01
       284         1         1        11
   4.4452861856563688E+00   3.5007717154115578E+00   2.7579050826422569E-01
       285         1         1        11
   4.3628141832881866E+00   3.5021096475864271E+00   7.4592234779330879E-01
       286         1         1        11
   4.4526054591036477E+00   4.4535943075784896E+00   2.7635702814244872E-01
       287         1         1        11
   4.3704959525283389E+00   4.4524097603887398E+00   7.4537131365744769E-01
       288         1         1        11
   4.3320606642841550E+00   3.0115387969011138E+00   4.8752884865309570E-02
       289         1         1        11
   4.3621103931277263E+00   4.8901697823048318E+00   1.2618183792297316E-01
       290         1         1        11
   4.2260455934119063E+00   3.5809045458383704E+00   1.1802687926657152E+00
       291         1         1        11
   4.0030293856674657E+00   3.5820540083852537E+00   1.6000515749744806E+00
       292         1         1        11
   4.2385056711026099E+00   4.4369237770451813E+00   1.1444143927753694E+00
       293         1         1        11
   4.0205111924876435E+00   4.4365914508462954E+00   1.5672942396348062E+00
       294         1         1        11
   4.1833510207232170E+00   3.0861556970704145E+00   9.8209769859561935E-01
       295         1         1        11
   4.2056461897880855E+00   4.8857632896363850E+00   9.4599264818377216E-01
       296         1         1        11
   3.4769624255384710E+00   4.3511031106484159E+00   2.2289787288581406E+00
       297         1         1        11
   3.8055036943400964E+00   4.3500118008114406E+00   1.8873644202106017E+00
       298         1         1        11
   3.3441309983032461E+00   3.6193807064644572E+00   2.3354463844168158E+00
       299         1         1        11
   3.6917485052002887E+00   3.6171452071314900E+00   2.0123768776076489E+00
       300         1         1        11
   3.8663136547878736E+00   4.7845646201857566E+00   1.6688373329708428E+00
       301         1         1        11
   3.7395295695494468E+00   3.1978949508261465E+00   1.8278771285848183E+00
       302         1         1        11
   2.9555066492607898E+00   3.6458488071678685E+00   2.5992455302593496E+00
       303         1         1        11
   2.5249249869699395E+00   3.6480954975214543E+00   2.7974438318257611E+00
       304         1         1        11
   2.5030438789505904E+00   4.3934803433104674E+00   2.7998350301987487E+00
       305         1         1        11
   2.9356882290599056E+00   4.3964238497665580E+00   2.6041596418566764E+00
       306         1         1        11
   3.3897272724256240E+00   4.8965148903685538E+00   2.1506259291653373E+00
       307         1         1        11
   3.2141047664169751E+00   4.5521792328701185E+00   2.3993630289169614E+00
       308         1         1        11
   2.8439118897583251E+00   4.9399186626712686E+00   2.5120616513390872E+00
       309         1         1        11
   3.0180819026676291E+00   3.2646237671117504E+00   2.4808565321066265E+00
       310         1         1        11
   2.1867872510159105E+00   3.1894276511019712E+00   2.8055829588596986E+00
       311         1         1        11
   2.2711631069741176E+00   4.6110677570020044E+00   2.8340613364559637E+00
       312         1         1        11
   1.9208886364833009E+00   5.8173162629301629E+00   2.3495136424734326E+00
       313         1         1        11
   1.6176967461309084E+00   5.5721531429728532E+00   2.5523483247767684E+00
       314         1         1        11
   2.0546200753610644E+00   5.4438112670936176E+00   2.5705652290926229E+00
       315         1         1        11
   2.1625769523323886E+00   4.9945580285228504E+00   2.7516987680592266E+00
       316         1         1        11
   2.4677044066323450E+00   5.2420612568249538E+00   2.5535919830072222E+00
       317         1         1        11
   1.8062228156417950E+00   6.1435608987678734E+00   2.0763849018074372E+00
       318         1         1        11
   2.2430264697652254E+00   6.0147548331001648E+00   2.0949163772637216E+00
       319         1         1        11
   2.7433252412617657E+00   5.3960924896098126E+00   2.3462881547023264E+00
       320         1         1        11
   3.0194479646212944E+00   5.4900321843428674E+00   2.1144933134040955E+00
       321         1         1        11
   2.6321322478108589E+00   5.7794608066491397E+00   2.1334938038499955E+00
       322         1         1        11
   2.5218969635528694E+00   6.1127234205012169E+00   1.8687231855861004E+00
       323         1         1        11
   1.1723006431611147E+00   5.5987595636157597E+00   2.5172566395333087E+00
       324         1         1        11
   1.3073691507175784E+00   5.2219956179573659E+00   2.7330605674952997E+00
       325         1         1        11
   1.5207432210982683E+00   4.9138503112150165E+00   2.8573497033913586E+00
       326         1         1        11
   1.0774131068611636E+00   4.9371173230062784E+00   2.8183739000829560E+00
       327         1         1        11
   1.8629282354228589E+00   4.8172816840111707E+00   2.8636224864518565E+00
       328         1         1        11
   1.0755666243922468E+00   6.0185265865229614E+00   2.1783954482990842E+00
       329         1         1        11
   7.6104312207956470E-01   5.6788733509829887E+00   2.3738843703797441E+00
       330         1         1        11
   1.7214294147221150E+00   6.4588511256313081E+00   1.7044119678873033E+00
       331         1         1        11
   1.3986899686537579E+00   6.2665094071023510E+00   1.9628223009394341E+00
       332         1         1        11
   9.9051264869564359E-01   6.3377661833826870E+00   1.8097712315906718E+00
       333         1         1        11
   4.3723053099811238E-01   5.0182878029107432E+00   2.6141176343463690E+00
       334         1         1        11
   5.2246360295559391E-01   5.3845393823727266E+00   2.4753733639821673E+00
       335         1         1        11
   1.0111667453328077E-01   5.1548973387003558E+00   2.3894220177260457E+00
       336         1         1        11
   6.7366886115204494E-01   4.7619084922876800E+00   2.7814874255243645E+00
       337         1         1        11
   2.5728426063348397E-01   4.5286761056007805E+00   2.6788354123569307E+00
       338         1         1        11
   4.2646873134160157E-01   5.8062042479643159E+00   2.1412979311269020E+00
       339         1         1        11
   8.9080739152569366E-01   4.4533225497653470E+00   2.9023065020177512E+00
       340         1         1        11
   1.0267957116498923E+00   2.9832738379532033E+00  -2.7825070732878037E+00
       341         1         1        11
   8.8231260529337352E-01   3.3179821226762805E+00  -2.8554008295564017E+00
       342         1         1        11
   1.2927092940827207E+00   3.2443365689583228E+00  -2.8958596896649942E+00
       343         1         1        11
   1.6581017940520308E+00   3.2245739770582769E+00  -2.8937377741706851E+00
       344         1         1        11
   1.1946478967639396E+00   2.5761217943636203E+00  -2.6228478698855255E+00
       345         1         1        11
   7.8273489823335807E-01   2.6499533925792633E+00  -2.5812603378155115E+00
       346         1         1        11
   1.3942670489513440E+00   2.3143764224786922E+00  -2.4794139827723018E+00
       347         1         1        11
   1.6364170134676395E+00   2.6506378419614633E+00  -2.6759320179874067E+00
       348         1         1        11
   2.1200094318657414E+00   2.6931863822006168E+00  -2.6282744287329676E+00
       349         1         1        11
   1.9220375573992960E+00   2.9519425803667101E+00  -2.7791113589232159E+00
       350         1         1        11
   5.1720477627068406E-01   3.4509561758361849E+00  -2.7807668775649672E+00
       351         1         1        11
   7.8290950961966876E-01   3.7104457991455666E+00  -2.8986099415708981E+00
       352         1         1        11
   7.3641684043111355E-01   4.0801888845174590E+00  -2.9000880161165181E+00
       353         1         1        11
   7.9053631862052498E-02   3.6012521673193003E+00  -2.6118789376247937E+00
       354         1         1        11
   1.7684297857480047E-01   3.2061845749298059E+00  -2.5727636050702021E+00
       355         1         1        11
   4.0346168986816622E-01   2.8333477123185724E+00  -2.5370309761729186E+00
       356         1         1        11
  -3.4531947910820593E-02   2.9814439917149178E+00  -2.3680699649350276E+00
       357         1         1        11
   5.6931360173532353E-01   2.4260699685076048E+00  -2.3783538601418148E+00
       358         1         1        11
   3.9103657678122437E+00   2.6036094226081530E+00  -1.1136562399278136E+00
       359         1         1        11
   3.5650708001459246E+00   2.2394331703070698E+00  -1.2790179938412349E+00
       360         1         1        11
   3.7231812709238130E+00   2.6181617664891803E+00  -1.4656016283496953E+00
       361         1         1        11
   3.3652455922973274E+00   2.6471552774634013E+00  -1.9211116670095640E+00
       362         1         1        11
   4.0651477537282528E+00   2.6093660122855784E+00  -6.9724752689154912E-01
       363         1         1        11
   3.4662494379618987E+00   2.0091181039660753E+00  -1.0817820592702037E+00
       364         1         1        11
   3.2651127398042998E+00   2.0350827610124633E+00  -1.4224898100549446E+00
       365         1         1        11
   2.8899563201062866E+00   1.7763373699066043E+00  -1.4571705238999009E+00
       366         1         1        11
   2.9945742182616053E+00   1.9981896178341287E+00  -1.6610247138319885E+00
       367         1         1        11
   3.0011426849813247E+00   2.6768757646310704E+00  -2.2351538866723351E+00
       368         1         1        11
   3.0109960190342653E+00   2.2838394072309245E+00  -1.9420823489978734E+00
       369         1         1        11
   2.6264247953267872E+00   2.0346575972143879E+00  -1.9668747851060275E+00
       370         1         1        11
   3.8448836670330353E+00   2.1952872201522995E+00  -4.9450214391455494E-01
       371         1         1        11
   3.6155502074307488E+00   1.8920624248904829E+00  -2.8468666860449199E-01
       372         1         1        11
   3.5326283411737558E+00   1.9162826324958759E+00  -7.2563348807708095E-01
       373         1         1        11
   3.2330747550675967E+00   1.7115487461903651E+00  -8.7146012661767780E-01
       374         1         1        11
   4.1376020519800187E+00   2.5930815038605162E+00  -2.5226129431882210E-01
       375         1         1        11
   4.2183263186190167E-01   4.2705982128980216E+00  -2.7864550478086962E+00
       376         1         1        11
   7.4202428222219774E-01   4.5062269057140707E+00  -2.8581824873843136E+00
       377         1         1        11
  -1.9660076825409645E-01   3.8102276529711236E+00  -2.4668871659366105E+00
       378         1         1        11
   1.4437599303544335E-01   4.0520238944022946E+00  -2.6757386019849880E+00
       379         1         1        11
   1.4954542842082308E-01   4.4778645103804937E+00  -2.6358903542863299E+00
       380         1         1        11
   2.8842363433611418E-01   1.2980279685940781E+00   4.8107156605316426E-01
       381         1         1        11
   3.0190280357618637E-01   1.4189449362819313E+00   9.5011465938417894E-01
       382         1         1        11
  -1.5595914844192871E-02   1.4928916044495963E+00   6.4604683720940426E-01
       383         1         1        11
  -2.9692397950889426E-01   1.6242013418583618E+00   3.5587209477326165E-01
       384         1         1        11
  -2.8765463647673872E-01   1.7371474524463397E+00   8.2691550276502124E-01
       385         1         1        11
   4.6704658656549336E-01   1.1893865715303655E+00   1.8291911157713014E-01
       386         1         1        11
   7.8588428800389676E-01   1.1273687362306193E+00   4.8788151460680340E-01
       387         1         1        11
  -4.4472314864932372E-01   1.7158690338837483E+00  -2.8241896825448684E-02
       388         1         1        11
  -7.0498245324094366E-01   1.9716778420088885E+00   1.5479536266254396E-01
       389         1         1        11
   7.4305374408430191E-01   1.1001307631404669E+00  -1.3338206315286599E-01
       390         1         1        11
   2.4768251076643799E-01   1.2775945696705113E+00  -1.4216039909996572E-01
       391         1         1        11
  -4.6783921974865739E-01   1.7937406078141853E+00  -5.0992970065576348E-01
       392         1         1        11
  -5.2685999396979488E-02   1.4513900879798833E+00  -3.0619226578967729E-01
       393         1         1        11
   2.2402997349263276E-01   1.3565105525989409E+00  -6.1956761772548496E-01
       394         1         1        11
   6.5376898029545882E-01   1.3445760355861820E+00   1.1102326920545140E+00
       395         1         1        11
   3.5201335636932241E-01   1.5392669032554771E+00   1.2755074647494944E+00
       396         1         1        11
  -2.8245389482707894E-01   1.8895903714603306E+00   1.1700552604825254E+00
       397         1         1        11
  -5.6755243050267756E-01   2.0130722455088659E+00   8.8167173344464744E-01
       398         1         1        11
   3.3379095967733563E-01   1.7730824963064031E+00   1.6373133194391261E+00
       399         1         1        11
  -1.1297250179230556E-02   1.8635274241778514E+00   1.4667874946155530E+00
       400         1         1        11
  -2.9346021027814673E-01   2.1376132923131923E+00   1.5215177373861142E+00
       401         1         1        11
   1.0612675919696222E+00   1.1640933037607493E+00   8.7472686272301181E-01
       402         1         1        11
   1.2445912592010595E+00   1.0668250658280241E+00   5.7554424735959808E-01
       403         1         1        11
   1.1107681116383206E+00   1.2797253543250884E+00   1.2035798225213963E+00
       404         1         1        11
   3.2479736673028290E+00   6.4367897323377683E+00  -8.1509869274383362E-02
       405         1         1        11
   3.2920131906136545E+00   6.3580173003355354E+00  -4.7795725330303629E-01
       406         1         1        11
   2.9427131421634902E+00   6.6086243179388564E+00  -3.3713195826973363E-01
       407         1         1        11
   2.6036125569988138E+00   6.7362742363321697E+00  -5.4299413221446713E-01
       408         1         1        11
   2.5547538504553118E+00   6.8047121944596407E+00  -1.4520269005457026E-01
       409         1         1        11
   3.5027098407737793E+00   6.2278662782384213E+00   1.6051523278476387E-01
       410         1         1        11
   3.1568320896425344E+00   6.4828212434611210E+00   3.0084231708475273E-01
       411         1         1        11
   2.5226755010129231E+00   6.8108687374698711E+00   2.3054665545719005E-01
       412         1         1        11
   2.1777977593333673E+00   6.9223111274580482E+00   2.6227309765557563E-02
       413         1         1        11
   2.8093327841759832E+00   6.6723363383412515E+00   3.7982384741197561E-01
       414         1         1        11
   3.0726715043941999E+00   6.4776557894183533E+00   6.2283716044259874E-01
       415         1         1        11
   2.4355312216499150E+00   6.7966155320590254E+00   5.5111060520047106E-01
       416         1         1        11
   3.6078475842015152E+00   6.0431096219652360E+00  -6.1861266913061863E-01
       417         1         1        11
   3.3105079227028513E+00   6.2256616227759363E+00  -8.7663641421777283E-01
       418         1         1        11
   2.6352896021921146E+00   6.6168773155008482E+00  -9.2901594968630463E-01
       419         1         1        11
   2.2464533975223100E+00   6.8107085909574909E+00  -7.3669840643587470E-01
       420         1         1        11
   2.9504814402800825E+00   6.3499214664434209E+00  -1.1721658129084895E+00
       421         1         1        11
   2.5959746103911030E+00   6.4343118942753010E+00  -1.3685632081741297E+00
       422         1         1        11
   3.2687369381429510E+00   6.0360508971514175E+00  -1.3137984578532609E+00
       423         1         1        11
   3.8110872548304284E+00   5.9127065942171910E+00  -2.0716780599985503E-02
       424         1         1        11
   3.7321316729260952E+00   5.9713072633018580E+00   3.6267873989729754E-01
       425         1         1        11
   3.8208849090440360E+00   5.8690372835007274E+00  -3.4668843628808316E-01
       426         1         1        11
   4.0337689496072846E+00   5.5996453642556414E+00  -1.4542908451006756E-01
       427         1         1        11
   3.8344249142992677E+00   5.7316963321584060E+00  -7.4275711554180390E-01
       428         1         1        11
   1.3210441419402581E+00   6.9776370601333522E+00  -3.1882963944167375E-01
       429         1         1        11
   1.7640036161663359E+00   6.9846894596864386E+00  -1.4809091764107013E-01
       430         1         1        11
   1.7702990337402418E+00   6.9417173369927436E+00  -5.2272128481191260E-01
       431         1         1        11
   1.8065919983411822E+00   6.8405976111128881E+00  -9.1488062515987056E-01
       432         1         1        11
   1.7305877322080001E+00   6.9823848673356963E+00   2.2849464072973316E-01
       433         1         1        11
   3.5934089334327983E+00   5.1015638958721228E+00   1.8450463465004843E+00
       434         1         1        11
   3.3200177333869121E+00   5.2984217842914507E+00   2.0004090382305741E+00
       435         1         1        11
   3.2116845486239525E+00   5.6865919525963839E+00   1.7959798416015516E+00
       436         1         1        11
   3.7989238192242367E+00   5.1873286615085625E+00   1.5182884847629361E+00
       437         1         1        11
   3.2777726663155038E+00   5.8954039209056592E+00   1.4989891005330624E+00
       438         1         1        11
   2.9644128987419149E+00   6.0724128593771098E+00   1.6001874272367886E+00
       439         1         1        11
   3.6648929915723052E+00   5.5983095775489549E+00   1.3261390686336019E+00
       440         1         1        11
   3.4288437951897386E+00   5.9966682555989799E+00   1.1370477082521084E+00
       441         1         1        11
   3.9500893246707625E+00   5.2876041874545425E+00   1.1572111983488131E+00
       442         1         1        11
   2.5810872187398775E+00   6.3186982360157966E+00   1.5668085127974349E+00
       443         1         1        11
   3.9233082229464595E+00   5.6732411956073587E+00   5.7257415058883665E-01
       444         1         1        11
   3.6153807848152137E+00   5.9891301230238323E+00   7.5400629235687733E-01
       445         1         1        11
   4.2180408781736061E+00   5.2683938586136811E+00  -5.8573065553615772E-02
       446         1         1        11
   4.1898664159133396E+00   5.2772100463286007E+00   3.6517552231607775E-01
       447         1         1        11
   4.0908289147475738E+00   5.3068458348374676E+00   7.6141939722853780E-01
       448         1         1        11
   4.2144573071450253E+00   5.2182908020917287E+00  -3.8404303043495841E-01
       449         1         1        11
   3.2206668609457276E+00   6.2786790022578352E+00   9.2028667181069834E-01
       450         1         1        11
   2.8746154684338991E+00   6.4724157213474314E+00   9.9879568219747261E-01
       451         1         1        11
   3.2211747634972592E+00   5.8326464348009690E+00  -1.6367542511053557E+00
       452         1         1        11
   3.2150573916071510E+00   5.4729850358302627E+00  -1.9720276944591308E+00
       453         1         1        11
   2.9030658104945433E+00   5.8006062054601593E+00  -1.9465928244704016E+00
       454         1         1        11
   2.6133674737633585E+00   5.6528557762856195E+00  -2.2424274015372405E+00
       455         1         1        11
   2.6229613063630861E+00   6.0178930747147028E+00  -1.9149583398679342E+00
       456         1         1        11
   3.5750508994167913E+00   5.7042495495353043E+00  -1.3377956636715034E+00
       457         1         1        11
   2.1368955988972855E+00   6.0989943489720906E+00  -2.0466037034776661E+00
       458         1         1        11
   2.4247628377929624E+00   6.2527652239594911E+00  -1.7521023199447725E+00
       459         1         1        11
   2.1107971372667800E+00   6.5210925155876618E+00  -1.5069901741400247E+00
       460         1         1        11
   3.2409068949094442E+00   5.1142722475692253E+00  -2.1743138093554446E+00
       461         1         1        11
   3.5549683941603076E+00   5.1459008535205495E+00  -1.8611867539027578E+00
       462         1         1        11
   2.2179395938988291E+00   5.5738728818877368E+00  -2.4510175215960359E+00
       463         1         1        11
   2.4963731381557759E+00   5.3556916591741803E+00  -2.4838157529911848E+00
       464         1         1        11
   2.8353932216789932E+00   5.0763919565709319E+00  -2.4613218601644120E+00
       465         1         1        11
   2.4390708119430187E+00   4.9956784808124519E+00  -2.6696011636579140E+00
       466         1         1        11
   3.8592237528184792E+00   5.2249997860796622E+00  -1.3904815023012262E+00
       467         1         1        11
   3.9113565868638687E+00   5.4301846066875292E+00  -1.0676757006611479E+00
       468         1         1        11
   1.8145663850081599E+00   5.4930099603907312E+00  -2.5830155337506131E+00
       469         1         1        11
   1.9372693616475893E+00   5.8012611468343138E+00  -2.3588670556581697E+00
       470         1         1        11
   1.7361843168757720E+00   6.0320526381405681E+00  -2.1943060507340091E+00
       471         1         1        11
  -8.5200334565827429E-01   2.2575997950198694E+00   6.5735970951791756E-01
       472         1         1        11
  -9.9761347284888124E-01   2.3607255843876165E+00   2.7332458828731654E-01
       473         1         1        11
  -8.4135799884224838E-01   2.4131791554072914E+00   1.0000211639877952E+00
       474         1         1        11
   1.9942510076557911E+00   4.9408727925572009E+00  -2.8054365666784999E+00
       475         1         1        11
   1.5452946145560023E+00   4.8544614184670998E+00  -2.8753859014475633E+00
       476         1         1        11
   1.6469639764163013E+00   5.1847567784827246E+00  -2.7522269102447106E+00
       477         1         1        11
   1.3652738576099110E+00   5.4052648031190476E+00  -2.6470889104205533E+00
       478         1         1        11
   1.1257551208174816E+00   4.7045299821079798E+00  -2.8919851788549318E+00
       479         1         1        11
   8.1143396599727791E-01   4.8958771986213767E+00  -2.7790791391768739E+00
       480         1         1        11
   8.6927928137607147E-01   5.3129335816965275E+00  -2.6226697819496918E+00
       481         1         1        11
   1.0362812176128733E+00   5.6329762183067071E+00  -2.4735305862887822E+00
       482         1         1        11
   4.8369619796379792E-01   5.1154696076633552E+00  -2.5928467244220434E+00
       483         1         1        11
   1.3697960724752931E+00   1.0096119585900092E+00   2.0155966622631108E-01
       484         1         1        11
   1.6478087314987766E+00   1.0612178744294618E+00   5.8456154279924410E-01
       485         1         1        11
   1.0251227128268980E+00   1.0809674850165356E+00  -5.0372684919153010E-01
       486         1         1        11
   1.2516294535710468E+00   1.0155770671814839E+00  -1.7757204096791385E-01
       487         1         1        11
   1.6546655922047462E+00   1.0085800342785780E+00  -1.6578643874334167E-01
       488         1         1        11
   3.9631494251525834E+00   2.8690600826435495E+00   1.2860286982413272E+00
       489         1         1        11
   4.1059932942969786E+00   2.7863984287177552E+00   8.5788704166716978E-01
       490         1         1        11
   3.7874342730010002E+00   2.8233914197454437E+00   1.5437735247022937E+00
       491         1         1        11
   3.7010611461385072E+00   2.5305230888779660E+00   1.4127871172397792E+00
       492         1         1        11
   3.4716221976313744E+00   2.8583497521812564E+00   1.9517532173568024E+00
       493         1         1        11
   3.8585254953311536E+00   2.3819603173727102E+00   9.0515472341269665E-01
       494         1         1        11
   4.0815063354341863E+00   2.5943703911744356E+00   6.0002536855207278E-01
       495         1         1        11
   4.1332936437283685E+00   2.5844343328622434E+00   2.4887432153722402E-01
       496         1         1        11
   3.8720611244480487E+00   2.1876417049892947E+00   2.9779763663963205E-01
       497         1         1        11
   3.6434124167936841E+00   2.2531056838207779E+00   1.1636766989311882E+00
       498         1         1        11
   3.6096451813063259E+00   2.0677955763095399E+00   9.0331792524117316E-01
       499         1         1        11
   3.4537848144217334E+00   2.2150134137326360E+00   1.4129924931791449E+00
       500         1         1        11
   1.7021101801828848E+00   6.8250972882545087E+00   9.8892708880051605E-01
       501         1         1        11
   1.2963770352612447E+00   6.7342851117700757E+00   1.2174656528146919E+00
       502         1         1        11
   1.7207847150353301E+00   6.6659346195603284E+00   1.3579568158952982E+00
       503         1         1        11
   2.1263276673679163E+00   6.5387180541766128E+00   1.4705863777715258E+00
       504         1         1        11
   2.1347263692512839E+00   6.8316117818042130E+00   7.6098433185227687E-01
       505         1         1        11
   1.7128031502100254E+00   6.9255954464972369E+00   6.2897225908248222E-01
       506         1         1        11
   2.5796700990623451E+00   6.5210349399963006E+00   1.2160161629306399E+00
       507         1         1        11
   2.4259275749379934E+00   6.7041015485021909E+00   9.1131385447468205E-01
       508         1         1        11
   8.3513301637561987E-01   6.7410208961445459E+00   1.0221332305453958E+00
       509         1         1        11
   8.5357654570098196E-01   6.5784554099266099E+00   1.3905770085659845E+00
       510         1         1        11
   5.2911941895764625E-01   6.3361406208017765E+00   1.6124012829301364E+00
       511         1         1        11
   9.3799468662309304E-01   6.8699978539462716E+00   6.6877675354330257E-01
       512         1         1        11
   4.9855332373763317E-01   6.7018310571136404E+00   8.3499310980345776E-01
       513         1         1        11
   1.2961234034041418E+00   6.9586419350655522E+00   4.5262814034486426E-01
       514         1         1        11
   9.5511325826204174E-01   6.9376066017120541E+00   2.7123033063422491E-01
       515         1         1        11
   5.6736907766645528E-02   6.5170901861969579E+00   7.6239664292806586E-01
       516         1         1        11
   1.6138246617723162E-01   6.6532327109915350E+00   4.1043791182925593E-01
       517         1         1        11
  -2.4856979528153467E-02   6.3371940993872604E+00   1.1010608220137748E+00
       518         1         1        11
  -3.4887962072616019E-01   6.2656946359376811E+00   6.6953115293218990E-01
       519         1         1        11
   1.1690220764706050E-01   6.2554401565923321E+00   1.4142242385206034E+00
       520         1         1        11
   2.5329656507222187E-01   6.0189441314030718E+00   1.8356457010034306E+00
       521         1         1        11
  -2.9185611418913626E-01   6.0118948665977179E+00   1.3196706830875504E+00
       522         1         1        11
   9.0310982172749021E-02   6.6213169318836069E+00  -3.7613084909052108E-01
       523         1         1        11
  -2.7495717888450977E-01   6.4168522153081238E+00  -9.1391369869120664E-02
       524         1         1        11
   9.6394541621208196E-02   6.6509866342016801E+00   4.6492821954672844E-02
       525         1         1        11
   5.3562218809367912E-01   6.8380269243977736E+00   1.2481431126313267E-01
       526         1         1        11
   7.5787659531012963E-02   6.5376758677618376E+00  -7.2926017266477228E-01
       527         1         1        11
   4.5738520747692646E-01   6.7505819635590836E+00  -5.8928198356604145E-01
       528         1         1        11
   8.9674305616985595E-01   6.9013636247307311E+00  -4.6708690498671490E-01
       529         1         1        11
   8.9119092945169320E-01   6.9361388683029581E+00  -9.1869808200129979E-02
       530         1         1        11
   8.8135818598863569E-01   6.8183827556996164E+00  -8.2097560763506794E-01
       531         1         1        11
  -5.5786778566082029E-01   6.1586478909942590E+00  -3.2468362977746229E-01
       532         1         1        11
  -5.5236457605967670E-01   6.1859552711444694E+00   9.6949468750950313E-02
       533         1         1        11
  -6.1732383107718869E-01   6.0810973274868889E+00   4.3124669028242896E-01
       534         1         1        11
  -8.8490076522349970E-01   5.8094666651593814E+00   1.9513771473846767E-01
       535         1         1        11
  -6.9168620796452007E-01   5.8988421064226095E+00   7.6870684964728109E-01
       536         1         1        11
  -5.9789117871879327E-01   6.0270986573450545E+00  -6.9980256904626392E-01
       537         1         1        11
  -8.5979474899359687E-01   5.7814971171678105E+00  -5.0757931808243317E-01
       538         1         1        11
  -5.3828378012912559E-01   5.9433623414467380E+00  -1.0337998072688810E+00
       539         1         1        11
  -2.2289941230372601E-01   6.3062131583115821E+00  -8.4439237532914291E-01
       540         1         1        11
   1.3509255383777474E-01   6.4517308881997462E+00  -1.0611518813337675E+00
       541         1         1        11
  -1.1219085698249263E+00   5.3670726073768495E+00  -5.0666353494057059E-01
       542         1         1        11
  -1.0896602724630222E+00   5.5086146428964486E+00  -1.3319734406197381E-01
       543         1         1        11
  -1.1475996747117208E+00   5.3964511492194180E+00   2.0035006940392103E-01
       544         1         1        11
   3.5467452147718457E+00   1.8703480502812173E+00   5.2480148519943914E-01
       545         1         1        11
   3.5945168461147299E+00   1.8592492949262347E+00   1.7374003588056522E-01
       546         1         1        11
   3.3221633571886011E+00   1.7481658918970702E+00   7.8036135815623831E-01
       547         1         1        11
   1.7724113575660736E+00   6.6989998622275060E+00  -1.2810900811281425E+00
       548         1         1        11
   1.2936391664962326E+00   6.8003431698483645E+00  -1.0561691803301423E+00
       549         1         1        11
   8.4756902109942811E-01   6.6772555160853955E+00  -1.1860171665541634E+00
       550         1         1        11
   3.2779624277567692E+00   1.5843375612270751E+00  -5.8519974255811652E-02
       551         1         1        11
   2.8833133285361945E+00   1.3410272142127582E+00   1.2770262149599221E-01
       552         1         1        11
   2.9073482844330814E+00   1.3713471033256304E+00  -3.3099056649503922E-01
       553         1         1        11
   2.9223323501094276E+00   1.4624285665015186E+00  -7.3328160056328628E-01
       554         1         1        11
   2.5215764977595274E+00   1.2326422859468220E+00  -5.4599701619674545E-01
       555         1         1        11
   2.8569328001799219E+00   1.5564454057779482E+00  -1.0898505956562030E+00
       556         1         1        11
   2.8048559386986645E+00   1.3404650822767405E+00   4.7352402331197868E-01
       557         1         1        11
   2.4238259838155543E+00   1.1527795779934134E+00   1.9970333030736992E-01
       558         1         1        11
   2.8986471253273867E+00   1.4824180212603846E+00   8.3998047545104404E-01
       559         1         1        11
   2.9643013747047879E+00   1.6830790352594667E+00   1.2197125592464253E+00
       560         1         1        11
   2.4356129887855964E+00   1.2972623697527137E+00   9.0544885955031518E-01
       561         1         1        11
   2.0237791053282694E+00   1.0664641039664176E+00  -3.4644277377939753E-01
       562         1         1        11
   2.0426332354580818E+00   1.1470148076085511E+00  -7.5234610637087806E-01
       563         1         1        11
   2.1381696143991364E+00   1.0688643255274153E+00   3.4397690210298884E-02
       564         1         1        11
   2.0586263924627106E+00   1.0767490046412833E+00   3.7754492683436636E-01
       565         1         1        11
  -7.9438016605539685E-01   2.3908553474314664E+00  -1.0707348601412501E+00
       566         1         1        11
  -7.0229817762773683E-01   2.0830159120977410E+00  -6.8924215160355273E-01
       567         1         1        11
  -9.4685429578230318E-01   2.3775184143777466E+00  -6.1681241842912937E-01
       568         1         1        11
  -1.1622647901685461E+00   2.6288220852068469E+00  -1.7949181878940138E-01
       569         1         1        11
  -1.2484904850410126E+00   2.9391461458701520E+00  -5.6602928706637223E-01
       570         1         1        11
  -5.2216524541133680E-01   2.3507817729467559E+00  -1.4801780162554306E+00
       571         1         1        11
  -7.7147772639018264E-01   2.6414010412531224E+00  -1.4123023075125196E+00
       572         1         1        11
  -1.0147186049751449E+00   3.0290158968571226E+00  -1.3165789794902860E+00
       573         1         1        11
  -7.3780999607542208E-01   2.9916204840377558E+00  -1.7249281646644508E+00
       574         1         1        11
  -1.2004198580403806E+00   3.1215932724145663E+00  -9.6754028920444490E-01
       575         1         1        11
  -1.1620174970102308E+00   3.4714388038939599E+00  -1.2783919225270231E+00
       576         1         1        11
  -1.3883612795101170E+00   3.3852988943877489E+00  -5.2868863216997253E-01
       577         1         1        11
  -3.1444922640034090E-01   1.8140396019642573E+00  -9.6402860073476060E-01
       578         1         1        11
  -1.2845893800977777E+00   2.9320529047373713E+00   3.2488611230212350E-01
       579         1         1        11
   5.4129601455633836E-02   1.6912008380463464E+00  -1.2565449535831430E+00
       580         1         1        11
  -1.8561221810484940E-01   1.9758737141072880E+00  -1.4358357249120894E+00
       581         1         1        11
  -1.5260567305594752E-01   2.2327444088872372E+00  -1.7736127438265599E+00
       582         1         1        11
   4.9745781836037262E-01   1.5697983659657937E+00  -1.4453474295029309E+00
       583         1         1        11
   3.6244290273166047E-01   1.4012688167682401E+00  -9.7599184820022389E-01
       584         1         1        11
   6.6388471895378220E-01   1.2344685442001522E+00  -8.0792759810677384E-01
       585         1         1        11
   6.2833027879140679E-01   1.7326651236929957E+00  -1.7605068746841166E+00
       586         1         1        11
   9.3644548446769826E-01   1.4500542983725584E+00  -1.4765443531350104E+00
       587         1         1        11
  -1.5118809826825563E-01   2.6059204257099720E+00  -2.0808940397542099E+00
       588         1         1        11
   1.8710506364385093E-01   2.2324101375012524E+00  -2.0376292508898772E+00
       589         1         1        11
   5.6826344827502262E-01   2.0470156804834421E+00  -2.0779122324829062E+00
       590         1         1        11
   1.0074234723828035E+00   1.9221138757411209E+00  -2.1070732353321269E+00
       591         1         1        11
   3.1448613110486443E+00   2.8686508578976841E+00   2.2393035493384295E+00
       592         1         1        11
   3.1992026211543139E+00   2.4926459181710086E+00   1.9597433822456931E+00
       593         1         1        11
   2.7494878812757242E+00   2.8955684568525237E+00   2.4937944985595717E+00
       594         1         1        11
   1.1132064104212605E+00   1.4781219134806918E+00   1.5781386617767486E+00
       595         1         1        11
   1.5245976722996717E+00   1.3141108897325169E+00   1.3361866044321751E+00
       596         1         1        11
   1.1409349292466722E+00   1.6623194372723002E+00   1.8456223507559759E+00
       597         1         1        11
   7.3207696683583334E-01   1.6503885326749606E+00   1.6998882809616116E+00
       598         1         1        11
   3.6775257745027146E-01   1.9692129049561009E+00   1.8957635793348966E+00
       599         1         1        11
   2.0274995232888129E+00   1.2674642903414828E+00   1.1202646331876673E+00
       600         1         1        11
   2.0285296545170981E+00   1.4571632921492537E+00   1.5015451646563334E+00
       601         1         1        11
   1.9369861352650897E+00   1.1289834887265138E+00   7.5253392586719892E-01
       602         1         1        11
   1.1710798043294575E+00   1.1436494098660641E+00  -8.5619671286543042E-01
       603         1         1        11
   1.2783630798339334E+00   1.3192866671606729E+00  -1.3284024626432935E+00
       604         1         1        11
   1.6449378338278242E+00   1.1823842696456892E+00  -1.0198208766176740E+00
       605         1         1        11
   1.4073605836780958E+00   1.4893335228349316E+00  -1.6395035160020490E+00
       606         1         1        11
  -6.2723549937110334E-01   3.3662168673043564E+00  -2.0182140795579313E+00
       607         1         1        11
  -3.7612921438042513E-01   2.9814132790177945E+00  -2.1077524197084925E+00
       608         1         1        11
   1.5293205083233430E+00   6.2506752479944137E+00  -1.9833308437718973E+00
       609         1         1        11
   1.1903828870446511E+00   6.4158319017354000E+00  -1.7515403123887041E+00
       610         1         1        11
   1.5985480955905378E+00   6.5005626922274189E+00  -1.6545315032044092E+00
       611         1         1        11
   1.3278403949327160E+00   5.9400248106369773E+00  -2.2818117373035047E+00
       612         1         1        11
   7.7906797183241039E-01   6.2283990075056055E+00  -1.8746986088729569E+00
       613         1         1        11
   8.4610997702412327E-01   6.4839872919226194E+00  -1.5499145045516343E+00
       614         1         1        11
   4.3797989574370222E-01   6.4829151232408577E+00  -1.3066161597566759E+00
       615         1         1        11
   8.3063124497150997E-01   5.8533622669526935E+00  -2.2620773145999196E+00
       616         1         1        11
   4.8281669380763304E-01   5.9237888469085842E+00  -2.0650362210173712E+00
       617         1         1        11
  -2.4193162310682648E-01   3.0367383861649984E+00   2.2445046856115951E+00
       618         1         1        11
  -1.1309111737181232E-01   2.6149388469622190E+00   2.1164930071705435E+00
       619         1         1        11
   2.3829670556703908E-01   2.8982593060977559E+00   2.4888294919935388E+00
       620         1         1        11
   5.2408464290336221E-01   3.0916665911211942E+00   2.6874745829677256E+00
       621         1         1        11
   6.5231314865273682E-01   2.6749978532033287E+00   2.5545638205057974E+00
       622         1         1        11
  -2.8423256555544185E-01   3.4616999773605324E+00   2.3509034939013969E+00
       623         1         1        11
  -6.2099022435200801E-01   3.1879263386925669E+00   1.9600859258751795E+00
       624         1         1        11
  -4.4340755035837809E-01   3.8415892869665726E+00   2.2799283188745845E+00
       625         1         1        11
  -5.3148588609905900E-02   3.6982770339075688E+00   2.5488610620101371E+00
       626         1         1        11
   9.4392009882660777E-01   3.2062052896954727E+00   2.8391310468880335E+00
       627         1         1        11
   5.2932056998696242E-01   3.4291902681379804E+00   2.7806397994276737E+00
       628         1         1        11
   2.9759725174862406E-01   3.7953911939687446E+00   2.7408689986009915E+00
       629         1         1        11
   7.1925210141859497E-01   3.9061299528872264E+00   2.8951029572565750E+00
       630         1         1        11
   1.3575274181528774E-01   4.1740186162777562E+00   2.6661858411829189E+00
       631         1         1        11
   1.7435739385334315E-01   2.2994821420961706E+00   2.0858836726238770E+00
       632         1         1        11
  -2.9514782173601795E-01   2.4412971507797261E+00   1.8297239480175778E+00
       633         1         1        11
   8.9168909845323219E-01   2.3281643445192737E+00   2.4155586078840416E+00
       634         1         1        11
   5.6064980533507591E-01   2.1518774664471376E+00   2.1684243848373224E+00
       635         1         1        11
   1.0912433495924232E+00   2.0101497532394030E+00   2.2075810282330224E+00
       636         1         1        11
   1.1818897419808780E+00   2.5322886841711574E+00   2.5970424249771074E+00
       637         1         1        11
  -9.1370626946840883E-01   3.2030133747481404E+00   1.5933720105168629E+00
       638         1         1        11
  -9.4507332139506728E-01   3.6288820937807986E+00   1.6982013875525983E+00
       639         1         1        11
  -1.1802597517102438E+00   3.1546652687093348E+00   1.0495793707175662E+00
       640         1         1        11
  -8.6366552342689351E-01   2.7067197465821291E+00   1.3192844573792566E+00
       641         1         1        11
  -5.6952684295401967E-01   2.4637220051086581E+00   1.5352226446693020E+00
       642         1         1        11
  -7.1666260040372398E-01   4.0391302133251363E+00   2.0211075533915879E+00
       643         1         1        11
  -1.0041260776617067E+00   4.0624977406682756E+00   1.6508926735514811E+00
       644         1         1        11
  -4.9117969771317815E-01   4.2736368841676935E+00   2.2271789930398169E+00
       645         1         1        11
  -8.8542802887375816E-01   3.8061455360422007E+00  -1.8089094963173511E+00
       646         1         1        11
  -5.3035939530973630E-01   3.7961637111983451E+00  -2.1991115236033503E+00
       647         1         1        11
  -1.1067108747178915E+00   3.8093457116297134E+00  -1.4726538486533431E+00
       648         1         1        11
  -9.9819389622787380E-01   4.2375234963255899E+00  -1.6439616314084282E+00
       649         1         1        11
  -1.2817097132338970E+00   3.9022589600256001E+00  -1.1191683342575920E+00
       650         1         1        11
  -4.5752314163559582E-01   4.2476047284345242E+00  -2.2598219063496954E+00
       651         1         1        11
  -1.0422586285385709E+00   4.6498955026666557E+00  -1.4541516087515909E+00
       652         1         1        11
  -8.1969001241750394E-01   4.6462431628217065E+00  -1.7892478924946862E+00
       653         1         1        11
  -5.1518975448350979E-01   4.6240214189174260E+00  -2.1329809005607561E+00
       654         1         1        11
  -5.4717514767330044E-01   5.0341915560142487E+00  -1.9337843055050450E+00
       655         1         1        11
  -1.8312730168546842E-01   4.6341017812569332E+00  -2.4010409028852004E+00
       656         1         1        11
  -1.2652638192990735E+00   3.0612985328842020E+00   6.8713576919714414E-01
       657         1         1        11
  -1.4149430180695624E+00   3.3320544366676197E+00   2.3865440668904386E-01
       658         1         1        11
  -1.3083394684888945E+00   3.5537807373383532E+00   9.5609507861781751E-01
       659         1         1        11
  -1.4473343052643264E+00   3.8118539424330118E+00   5.2708780486181706E-01
       660         1         1        11
  -1.4789878884974201E+00   3.6865331906906817E+00   1.6543796313760559E-01
       661         1         1        11
  -1.4945148857311499E+00   4.1779690790350639E+00  -3.4750626497508957E-02
       662         1         1        11
  -1.4666431282626116E+00   3.6951804472714449E+00  -3.2575080937211986E-01
       663         1         1        11
  -1.4082352919485328E+00   3.8745648353994229E+00  -7.2555737619202487E-01
       664         1         1        11
  -8.7559201519126129E-01   5.3506084655159238E+00  -1.2379092657526418E+00
       665         1         1        11
  -1.0465357826350203E+00   4.9577906294669321E+00  -1.2640382185142907E+00
       666         1         1        11
  -1.0700786959722826E+00   5.2516630082876619E+00  -9.0996440050899430E-01
       667         1         1        11
  -1.2876744003968810E+00   4.9712966001080812E+00  -5.3427928276358894E-01
       668         1         1        11
  -5.9434623269042008E-01   5.6829452860654666E+00  -1.3346943551710522E+00
       669         1         1        11
  -5.6338227351867465E-01   5.3811310326803179E+00  -1.6837252340855102E+00
       670         1         1        11
  -2.1969802561386365E-01   5.9663569408557251E+00  -1.4751539180195041E+00
       671         1         1        11
  -1.2273713195493614E+00   4.5501596458456817E+00  -1.1219492187182667E+00
       672         1         1        11
  -1.3620842095628092E+00   4.5235866628620194E+00  -7.3097946882538678E-01
       673         1         1        11
  -1.3487613298246659E+00   4.2130711447314866E+00  -9.1605653372399187E-01
       674         1         1        11
  -1.4136930156853080E+00   4.6352052525466405E+00  -3.2696681404052863E-01
       675         1         1        11
  -2.5345935932335251E-01   5.3565190592098348E+00  -2.0211967537085056E+00
       676         1         1        11
   3.2314279353367716E+00   2.2119838957322813E+00   1.6748599092505421E+00
       677         1         1        11
   3.1625069911765213E+00   1.9442679641599181E+00   1.4177574902323675E+00
       678         1         1        11
   2.7318592863146733E+00   1.6950963645967692E+00   1.4730722759679089E+00
       679         1         1        11
  -1.3643308575502480E+00   3.9105523571275578E+00   8.8747273629674095E-01
       680         1         1        11
  -1.2032022409638312E+00   4.0961417810901413E+00   1.2974800200299563E+00
       681         1         1        11
  -1.3492782425695680E+00   4.3554168498408021E+00   8.6907557742057939E-01
       682         1         1        11
  -9.7391516266388312E-01   4.5050406371789684E+00   1.6200857146273453E+00
       683         1         1        11
  -1.2447986902728365E+00   4.7355192592272770E+00   9.6181680645655110E-01
       684         1         1        11
  -1.3971130980947328E+00   4.5515234295763074E+00   5.5005236430391691E-01
       685         1         1        11
  -1.4287340460405060E+00   4.6291307113443620E+00   1.6343633502542323E-01
       686         1         1        11
  -1.3143314217173234E+00   5.0061980513949536E+00   2.5904464886105805E-01
       687         1         1        11
  -1.0313859039684750E+00   4.9374286019733367E+00   1.3089358354755296E+00
       688         1         1        11
  -1.0924719587100764E+00   5.1364083888141012E+00   9.9381342169185805E-01
       689         1         1        11
  -8.2795785542465383E-01   4.9085346980663438E+00   1.6598725631132480E+00
       690         1         1        11
  -1.1295266407491624E+00   5.3190453285071859E+00   5.8797029426136282E-01
       691         1         1        11
  -9.1172855582529122E-01   5.5205192552244347E+00   9.3358800737187420E-01
       692         1         1        11
   7.9717453127593041E-02   6.0018437485980840E+00  -1.7249403158510734E+00
       693         1         1        11
   1.3368048019335887E-01   6.2595809042061354E+00  -1.4238908339975835E+00
       694         1         1        11
   1.2816724226342147E-01   5.6265164678810526E+00  -2.1148331055931102E+00
       695         1         1        11
   1.5015224450702314E-01   5.2731984819868547E+00  -2.3573028363909763E+00
       696         1         1        11
   1.4760924843837260E+00   1.8422241106744393E+00   2.0840901233253670E+00
       697         1         1        11
   1.8060769854599603E+00   2.0353312661898855E+00   2.2464179587424740E+00
       698         1         1        11
   1.8548872704992316E+00   1.6905990134809339E+00   1.8816806606601366E+00
       699         1         1        11
   1.3455350295377664E+00   2.9767654152943015E+00   2.8158713673678806E+00
       700         1         1        11
   1.5905972658403595E+00   2.6361430978901312E+00   2.6705217628750981E+00
       701         1         1        11
   2.2339777149112785E+00   2.2003228821435616E+00   2.2852656268971359E+00
       702         1         1        11
   1.8564600304480956E+00   2.3572621418680280E+00   2.4848236509162827E+00
       703         1         1        11
   2.0192566958013760E+00   2.8033148973104018E+00   2.7015397922048501E+00
       704         1         1        11
   2.3567157155513412E+00   1.6550540342586979E+00   1.6635103247292893E+00
       705         1         1        11
   7.4503055600942258E-01   4.2041509909067516E+00   2.8962637158160081E+00
       706         1         1        11
   2.5317621876373853E+00   2.1850162132187787E+00   2.1543678056179303E+00
       707         1         1        11
   2.5748939506887489E+00   2.5176898533394585E+00   2.3764173926059238E+00
       708         1         1        11
   2.5640870694340414E+00   1.9063866508166623E+00   1.8666820438373002E+00
       709         1         1        11
   2.9073042630007198E+00   2.2211290142684383E+00   1.9634440983797894E+00
       710         1         1        11
   2.1472579171219088E+00   1.3368547922745448E+00  -1.2201290060038534E+00
       711         1         1        11
   2.1840296599489633E+00   1.5512899112353811E+00  -1.5924579509338628E+00
       712         1         1        11
   2.5766877950319897E+00   1.5304724235612763E+00  -1.3199155053403362E+00
       713         1         1        11
   1.4413524088391945E+00   1.7252941789306138E+00  -1.9550636530926777E+00
       714         1         1        11
   1.7849641301431842E+00   1.6139107474608392E+00  -1.7959324941235533E+00
       715         1         1        11
   2.2171789870924004E+00   1.7949683208438607E+00  -1.9035465831943736E+00
       716         1         1        11
   4.1113681038064094E+00   5.2482957557243290E+00  -7.8899577480690386E-01
       717         1         1        11
   1.3856716084375471E+00   2.0418420893642626E+00  -2.2699221607573743E+00
       718         1         1        11
   1.8266224478318118E+00   2.1241592283774224E+00  -2.3183052379034925E+00
       719         1         1        11
   2.2394257563253159E+00   2.3517297767330652E+00  -2.3950897315078410E+00
       720         1         1        11
   2.2329155663253908E+00   2.0798080298660149E+00  -2.1853369466676980E+00
       721         1         1        11
   2.5233579024347810E+00   2.6604013443433838E+00  -2.4815749122860007E+00
       722         1         1        11
   9.4892687032666734E-02   4.8537038936524732E+00  -2.5093551165604935E+00
       723         1         1        11
  -1.2259852018672435E-01   5.4095641525104403E+00   2.0929173280962092E+00
       724         1         1        11
  -2.1086951056516523E-01   5.0451238477111184E+00   2.2317351233432743E+00
       725         1         1        11
  -3.7862864081709935E-01   4.6317067550236244E+00   2.2520437397082724E+00
       726         1         1        11
  -5.9932069757264106E-01   4.8869824326483062E+00   1.9509266446784750E+00
       727         1         1        11
  -9.9081324292886297E-02   4.4303743041140935E+00   2.5015428992236006E+00
       728         1         1        11
   1.3229656728193762E-02   5.7306646562402150E+00   1.9478998418831430E+00
       729         1         1        11
  -2.9223640958659436E-01   5.6160258997472514E+00   1.7822314505973234E+00
       730         1         1        11
  -6.4664384921009521E-01   5.3146027648530749E+00   1.6320967358858107E+00
       731         1         1        11
   2.4519944210675644E+00   2.9070554926334617E+00   2.6266288139121503E+00
       732         1         1        11
   2.8837804779818557E+00   3.0178026598616863E+00  -2.4739522982025197E+00
       733         1         1        11
  -5.1953886065422816E-01   5.6418589031961757E+00   1.4918988344733275E+00
       734         1         1        11
  -6.5794748800991654E-01   5.7202566731304723E+00   1.1764266307516880E+00
       735         1         1        11
   1.0000000000000000E+00   3.0000000000000000E+00   5.0000000000000001E-03
       736         1         1        11
   1.0000000000000000E+00   3.5000000000000000E+00   5.0000000000000001E-03
       737         1         1        11
   1.0000000000000000E+00   4.0000000000000000E+00   5.0000000000000001E-03
       738         1         1        11
   1.0375000000000001E+00   2.5000000000000000E+00   5.0000000000000001E-03
       739         1         1        11
   1.0375000000000001E+00   3.0000000000000000E+00   1.0000000000000000E-02
       740         1         1        11
   1.0375000000000001E+00   4.0000000000000000E+00   1.0000000000000000E-02
       741         1         1        11
   1.0375000000000001E+00   3.5000000000000000E+00   1.0000000000000000E-02
       742         1         1        11
   1.0375000000000001E+00   4.5000000000000000E+00   5.0000000000000001E-03
       743         1         1        11
   1.0375000000000001E+00   3.0000000000000000E+00   0.0000000000000000E+00
       744         1         1        11
   1.0375000000000001E+00   4.0000000000000000E+00   0.0000000000000000E+00
       745         1         1        11
   1.0375000000000001E+00   3.5000000000000000E+00   0.0000000000000000E+00
       746         1         1        11
   1.0750000000000000E+00   3.0000000000000000E+00   5.0000000000000001E-03
       747         1         1        11
   1.0750000000000000E+00   3.5000000000000000E+00   5.0000000000000001E-03
       748         1         1        11
   1.0750000000000000E+00   4.0000000000000000E+00   5.0000000000000001E-03
       749         1         1        11
   1.1499999999999999E+00   3.0000000000000000E+00   5.0000000000000001E-03
       750         1         1        11
   1.1499999999999999E+00   3.5000000000000000E+00   5.0000000000000001E-03
       751         1         1        11
   1.1499999999999999E+00   4.0000000000000000E+00   5.0000000000000001E-03
       752         1         1        11
   1.1875000000000000E+00   2.5000000000000000E+00   5.0000000000000001E-03
       753         1         1        11
   1.1875000000000000E+00   3.0000000000000000E+00   1.0000000000000000E-02
       754         1         1        11
   1.1875000000000000E+00   4.0000000000000000E+00   1.0000000000000000E-02
       755         1         1        11
   1.1875000000000000E+00   3.5000000000000000E+00   1.0000000000000000E-02
       756         1         1        11
   1.1875000000000000E+00   4.5000000000000000E+00   5.0000000000000001E-03
       757         1         1        11
   1.1875000000000000E+00   3.0000000000000000E+00   0.0000000000000000E+00
       758         1         1        11
   1.1875000000000000E+00   4.0000000000000000E+00   0.0000000000000000E+00
       759         1         1        11
   1.1875000000000000E+00   3.5000000000000000E+00   0.0000000000000000E+00
       760         1         1        11
   1.2249999999999999E+00   3.0000000000000000E+00   5.0000000000000001E-03
       761         1         1        11
   1.2249999999999999E+00   3.5000000000000000E+00   5.0000000000000001E-03
       762         1         1        11
   1.2249999999999999E+00   4.0000000000000000E+00   5.0000000000000001E-03
       763         1         1        11
   1.4029897123405721E+00   4.1420755321960909E+00   1.4832284599345780E+00
       764         1         1        11
   1.4762854190146630E+00   3.8834176118131678E+00  -1.3193324648999398E+00
       765         1         1        11
   2.7694232218330148E+00   4.0000000000000000E+00  -3.9503375702107657E-01
       766         1         1        11
   2.4777245130177747E+00   3.0132855476384521E+00   8.9713502892195285E-01
       767         1         1        11
   2.4198920753559543E+00   5.4734733526790533E+00   1.2569806479953866E-01
       768         1         1        11
   1.8919640031406111E+00   5.1187698006245341E+00  -1.0815963023756054E+00
       769         1         1        11
   2.2808678286548618E+00   2.7931534396639472E+00  -8.2324717729726804E-01
       770         1         1        11
   2.6613488991061862E+00   4.4086196941462639E+00   1.1208215548841993E+00
       771         1         1        11
  -5.0737737587182939E-02   4.3572227519240636E+00  -9.1016604399181533E-01
       772         1         1        11
   1.1100149583669801E+00   2.8914454146031332E+00   1.2541574855597080E+00
       773         1         1        11
   1.7904624611297071E-01   3.8328227725986075E+00   1.0211605192422020E+00
       774         1         1        11
   1.2677164011565760E+00   5.3614150152455489E+00   1.0049676167385257E+00
       775         1         1        11
   4.7950486528835967E-01   2.8695651728214293E+00  -1.0749637634296112E+00
       776         1         1        11
   7.3939061711822340E-01   5.4537929947448669E+00  -7.5484641599709990E-01
       777         1         1        11
  -2.5734916577899447E-01   4.7326759803560332E+00   2.1827981461031717E-01
       778         1         1        11
   7.5801233531905077E-01   4.6818990640312830E+00  -1.6114723907843393E+00
       779         1         1        11
   2.5551654021488455E+00   4.3019717672839581E+00  -1.5632081025887552E+00
       780         1         1        11
   4.4113484231269950E-01   4.8027269332685005E+00   1.4464350086095310E+00
       781         1         1        11
  -4.0770971060311446E-02   2.6898880011659392E+00   5.6241415712018294E-01
       782         1         1        11
   2.3269433989372357E+00   2.2559415143244994E+00   1.8331191594958041E-01
       783         1         1        11
   3.3231305593226095E+00   3.6286556861299459E+00   6.3022813655114862E-01
       784         1         1        11
   1.3847061105426979E+00   5.8873113310014915E+00   3.5813469408764897E-02
       785         1         1        11
   1.5077595672634032E+00   2.7512144219999772E+00  -1.5601942403155313E+00
       786         1         1        11
   3.2619288118866079E+00   4.9012832535849586E+00  -7.2520796025376061E-02
       787         1         1        11
  -3.1854185871605256E-01   3.3637555870241584E+00  -3.3619009681563011E-01
       788         1         1        11
   2.4495480200684221E+00   3.2918841524901037E+00  -1.7028806934261700E+00
       789         1         1        11
   2.2639057085193759E+00   5.3474624245172055E+00   1.2648685194179012E+00
       790         1         1        11
   2.2944668116349312E+00   3.7005177156155336E+00   1.7900039075273440E+00
       791         1         1        11
   4.5973541750761532E-01   3.6559155146347182E+00  -1.8530549363908517E+00
       792         1         1        11
   1.6918524295197761E+00   4.6711262155821682E+00  -1.9426585806165784E+00
       793         1         1        11
   2.0141551334513705E+00   3.9991812861734046E+00   5.4958324792566382E-01
       794         1         1        11
   3.1063202307580884E+00   2.9183120244456910E+00  -1.4654184697316380E-01
       795         1         1        11
   3.9571119338030336E-01   5.7033049811724190E+00   3.9485093904464313E-01
       796         1         1        11
   2.8903398925326167E+00   5.0571656549171315E+00  -9.9237525938776261E-01
       797         1         1        11
   1.8449804284837923E+00   2.1717596012730125E+00   1.1847046681978166E+00
       798         1         1        11
   5.5515517545002380E-01   3.9621110600155340E+00   1.8939152983429932E+00
       799         1         1        11
   1.9972116109165072E+00   4.2500000000000000E+00  -1.9751687851053829E-01
       800         1         1        11
   2.1228543204238388E+00   3.9417088059065839E+00  -8.5718311096050814E-01
       801         1         1        11
   1.3506427095073315E+00   4.1917088059065843E+00  -6.5966623244996991E-01
       802         1         1        11
   1.5584820015703054E+00   4.8093849003122671E+00  -5.4079815118780272E-01
       803         1         1        11
   1.6841247110776369E+00   4.5010937062188514E+00  -1.2004643836377726E+00
       804         1         1        11
   2.3306936124868129E+00   4.5593849003122671E+00  -7.3831502969834095E-01
       805         1         1        11
   1.3353530567485741E+00   4.7517452737208199E+00   1.2440980383365519E+00
       806         1         1        11
   1.5083736873993248E+00   5.2738735346494874E+00   1.8745807283873295E+00
       807         1         1        11
   1.5760103429913230E+00   4.6642037931247593E+00   2.1137111499853556E+00
       808         1         1        11
   1.8334477104299740E+00   4.7447689783566478E+00   1.3740484896762397E+00
       809         1         1        11
   2.0064683410807249E+00   5.2668972392853162E+00   2.0045311797270173E+00
       810         1         1        11
   1.7658110548379760E+00   5.3544387198813777E+00   1.1349180680782136E+00
       811         1         1        11
   2.6973884482195758E+00   5.9914147881879032E+00  -3.0041605921128722E-01
       812         1         1        11
   2.3472043716353879E+00   6.0745282385931443E+00  -4.9423688444210712E-01
       813         1         1        11
   2.0832403355277167E+00   5.8971764625658851E+00  -1.0978840680296793E+00
       814         1         1        11
   2.1559280392482827E+00   5.2961215766517942E+00  -4.7794911878803337E-01
       815         1         1        11
   2.4334244121119042E+00   5.8140630121606431E+00  -9.0406324279885930E-01
       816         1         1        11
   2.4626273038127811E+00   4.8780410593317347E+00   1.1928450371510504E+00
       817         1         1        11
   2.0321693057233792E+00   4.2753476131711778E+00   1.3020250074093886E+00
       818         1         1        11
   2.4779078553705585E+00   4.0545687048808983E+00   1.4554127312057716E+00
       819         1         1        11
   1.8487282619877516E+00   3.9212966239058122E+00   1.6366161837309610E+00
       820         1         1        11
   2.2791862600771537E+00   4.5239900700663700E+00   1.5274362134726225E+00
       821         1         1        11
   2.6551159839442855E+00   5.2653195037980929E+00  -4.3333859729411195E-01
       822         1         1        11
   2.9326123568079070E+00   5.7832609393069419E+00  -8.5945272130493788E-01
       823         1         1        11
   2.3911519478366139E+00   5.0879677277708328E+00  -1.0369857808816840E+00
       824         1         1        11
   1.7529339143274307E+00   2.6465767198319736E+00  -4.1162358864863402E-01
       825         1         1        11
   2.0148008432171283E+00   2.0950869940211119E+00  -1.1469176526851337E+00
       826         1         1        11
   1.4868669288896972E+00   1.9485102741891380E+00  -7.3529406403649966E-01
       827         1         1        11
   1.3663797836317015E+00   2.6256072109999886E+00  -7.8009712015776567E-01
       828         1         1        11
   1.6282467125213991E+00   2.0741174851891264E+00  -1.5153911841942653E+00
       829         1         1        11
   1.8943136979591326E+00   2.7721839308319622E+00  -1.1917207088063997E+00
       830         1         1        11
   4.7463113120640854E-01   3.9286113759620318E+00  -4.5508302199590767E-01
       831         1         1        11
   7.1277384071374006E-01   4.1203201818686157E+00  -1.1147492544458775E+00
       832         1         1        11
   1.2381427095073314E+00   3.6917088059065839E+00  -6.5966623244996991E-01
       833         1         1        11
   7.3975243264417978E-01   3.1847825864107149E+00  -5.3748188171480560E-01
       834         1         1        11
   9.7789514215151141E-01   3.3764913923172983E+00  -1.1971481141647755E+00
       835         1         1        11
   2.1438356385058838E-01   3.6133939623727462E+00  -9.9256490371071326E-01
       836         1         1        11
   1.8296113892287598E+00   6.2814472277543638E+00  -5.3917918213749405E-01
       837         1         1        11
   1.9022990929493262E+00   5.6803923418402729E+00   8.0755767104151777E-02
       838         1         1        11
   1.6383350568416546E+00   5.5030405658130128E+00  -5.2289141648342030E-01
       839         1         1        11
   1.1775544601797925E+00   3.8432635395497980E+00   2.1986919770916211E+00
       840         1         1        11
   1.1730658381079730E+00   3.5103139403269923E+00   2.1047232032755603E+00
       841         1         1        11
   7.5363719173451837E-01   3.7532813034595192E+00   2.4040353962958285E+00
       842         1         1        11
   7.4914856966269883E-01   3.4203317042367134E+00   2.3100666224797681E+00
       843         1         1        11
   9.7907244389529802E-01   4.0520932961058129E+00   1.6885718791387856E+00
       844         1         1        11
   9.6801041826113920E-01   3.7696665632239430E+00  -1.5861937006453957E+00
       845         1         1        11
   2.0449883996021620E-01   4.0065691332793909E+00  -1.3816104901913335E+00
       846         1         1        11
   4.6962014139798747E-01   3.2627403437280735E+00  -1.4640093499102314E+00
       847         1         1        11
   1.2565023353537761E+00   3.5167604733996121E+00   1.3686929727471431E+00
       848         1         1        11
   1.0265784611211770E+00   2.8849988815305130E+00   1.9901877160881254E+00
       849         1         1        11
   8.3258506690850198E-01   3.4267782373093336E+00   1.5740363919513505E+00
       850         1         1        11
   1.3506427095073315E+00   3.6917088059065839E+00  -6.5966623244996991E-01
       851         1         1        11
   1.9972116109165072E+00   3.7500000000000000E+00  -1.9751687851053829E-01
       852         1         1        11
   1.6866123381074085E+00   4.2877327794782563E+00   2.2071390645790050E+00
       853         1         1        11
   1.9819052556508376E+00   4.4609451707924013E+00   2.0894410081132766E+00
       854         1         1        11
   2.4123632537402395E+00   5.0636386169529590E+00   1.9802610378549383E+00
       855         1         1        11
   1.1364509895288617E+00   4.6865298854914794E+00   2.0727478870642009E+00
       856         1         1        11
   1.0688143339368636E+00   5.2961996270162084E+00   1.8336174654661748E+00
       857         1         1        11
  -6.4120491539776669E-01   4.0002953647233888E+00   7.3509741776089965E-01
       858         1         1        11
  -6.0531109400892424E-01   3.6457711910593451E+00   8.0925729241314870E-01
       859         1         1        11
  -8.8999896781227839E-01   3.7657617719361638E+00   5.6422109731983611E-02
       860         1         1        11
  -8.5410514642343593E-01   3.4112375982721206E+00   1.3058198438423266E-01
       861         1         1        11
  -6.9747806301540927E-02   3.5982891798113830E+00   3.4248521121328590E-01
       862         1         1        11
   2.5251455252439383E+00   3.3965767198319736E+00  -6.0914046715917225E-01
       863         1         1        11
   2.3792961708363185E+00   2.9032194936511999E+00   3.6943925812342404E-02
       864         1         1        11
   2.6235738674253950E+00   3.5066427738192258E+00   2.5105063595043814E-01
       865         1         1        11
   2.3917891776421927E+00   3.9995906430867025E+00   7.7274745452293625E-02
       866         1         1        11
   2.2459398232345729E+00   3.5062334169059284E+00   7.2335913842380828E-01
       867         1         1        11
   2.1475114810531162E+00   3.3961673629186757E+00  -1.3683196468580211E-01
       868         1         1        11
   1.8785766238347623E+00   3.3382855257385575E+00  -1.0712898210986039E+00
       869         1         1        11
   1.7529339143274307E+00   3.1465767198319736E+00  -4.1162358864863402E-01
       870         1         1        11
   1.3757126821647576E+00   5.6419719775617505E+00   1.6539629742088855E+00
       871         1         1        11
   1.8738073358461576E+00   5.6349956821975793E+00   1.7839134255485734E+00
       872         1         1        11
   2.3124424024476222E+00   6.1844303082251244E+00  -1.1015230002884183E-01
       873         1         1        11
   2.6110848490336447E+00   4.5942172517674873E+00   1.9082375555880873E+00
       874         1         1        11
   2.4276438052980174E+00   4.2401662625021226E+00   2.2428287319096594E+00
       875         1         1        11
   7.3975243264417978E-01   2.6847825864107149E+00  -5.3748188171480560E-01
       876         1         1        11
   2.1041677205695691E-01   2.2132871054200085E+00  -9.2553434988935623E-01
       877         1         1        11
   4.7066433941277708E-01   2.0285045190092941E+00  -3.8805246817455064E-01
       878         1         1        11
   3.4072907064197372E-01   2.9318777935120792E+00  -1.6809504840781506E-01
       879         1         1        11
  -1.8860658994524920E-01   2.4603823125213733E+00  -5.5614751658236572E-01
       880         1         1        11
   8.0481503286153555E-02   3.1166603799227941E+00  -7.0557693012262068E-01
       881         1         1        11
   1.7948494200409941E+00   6.3913492973863431E+00  -1.5509459772422871E-01
       882         1         1        11
   9.0704375696006789E-01   1.9076373910117372E+00  -5.7484227519395159E-01
       883         1         1        11
   9.4454375696006787E-01   1.9076373910117372E+00  -5.7484227519395159E-01
       884         1         1        11
   6.4679618960424778E-01   2.0924199774224519E+00  -1.1123241569087572E+00
       885         1         1        11
   7.7725243264417987E-01   2.6847825864107149E+00  -5.3748188171480560E-01
       886         1         1        11
   1.6935919590498161E+00   2.7132462876969328E+00   1.8770709014473366E+00
       887         1         1        11
   1.7022408850009556E+00   3.2959815651093334E+00   1.5220806965435258E+00
       888         1         1        11
   2.2858178856837919E+00   3.1177824382031329E+00   2.1449941124311547E+00
       889         1         1        11
   2.0610746941082221E+00   2.3534033810318724E+00   1.8423444927663910E+00
       890         1         1        11
   2.0697236200593618E+00   2.9361386584442730E+00   1.4873542878625803E+00
       891         1         1        11
   1.4774976934253861E+00   2.5316025079380728E+00   1.2194310768787622E+00
       892         1         1        11
   1.3809770890123167E+00   1.7745781272434034E+00  -2.6979417075438794E-01
       893         1         1        11
   1.9089110033397476E+00   1.9211548470753770E+00  -6.8141775940302196E-01
       894         1         1        11
   1.5770001528569486E+00   3.6187368260260104E+00   2.1662799030687174E+00
       895         1         1        11
   1.4305127758701526E+00   2.9934217672295320E+00   2.0517444158812825E+00
       896         1         1        11
   3.5363729886593392E-01   4.5195609079776737E+00  -1.2608192173880775E+00
       897         1         1        11
   1.1171488771668570E+00   4.2826583379222249E+00  -1.4654024278421396E+00
       898         1         1        11
   6.0887387641333302E-01   4.1689072893330010E+00  -1.7322636635875956E+00
       899         1         1        11
   1.3475622155616771E+00   4.3846566751142815E+00   2.2047755970500820E+00
       900         1         1        11
  -2.8546999992860866E-02   2.4905745212606840E+00  -1.1045245566491673E+00
       901         1         1        11
  -4.2757036199506698E-01   2.7376697283620484E+00  -7.3513772334217664E-01
       902         1         1        11
   1.9319487884809345E+00   1.6525488844056531E+00  -1.7813821277959774E-01
       903         1         1        11
   1.7759716994686179E+00   2.3779707571622497E+00   9.1655957974790203E-02
       904         1         1        11
   2.3039056137960490E+00   2.5245474769942233E+00  -3.1996763067384382E-01
       905         1         1        11
   2.0157254105817541E+00   4.0926946895485630E+00  -1.4412702837443474E+00
       906         1         1        11
   2.6622943119909301E+00   4.1509858836419795E+00  -9.7912092980491594E-01
       907         1         1        11
   2.2235647026447283E+00   4.7103707839542466E+00  -1.3224022024821802E+00
       908         1         1        11
   1.6195775667256851E+00   3.7495906430867025E+00   2.7479162396283191E-01
       909         1         1        11
   1.5084253898893589E+00   5.6329114800878042E+00  -1.5715081976752714E+00
       910         1         1        11
   1.3249881692298309E+00   4.9003344323279086E+00  -1.3465343465799724E+00
       911         1         1        11
   9.4144955597857871E-01   5.4144761117911786E+00  -1.8364462418796381E+00
       912         1         1        11
   1.4083696030789414E+00   5.4090896875666212E+00  -2.0020393367957579E+00
       913         1         1        11
   1.2249323824194134E+00   4.6765126398067256E+00  -1.7770654857004589E+00
       914         1         1        11
   1.7919082163301936E+00   4.8949480081033512E+00  -1.5121274414960919E+00
       915         1         1        11
   1.3156773101294172E+00   5.2862813976847001E+00  -9.1822135918635261E-01
       916         1         1        11
   9.3213869687816497E-01   5.8004230771479701E+00  -1.4081332544860186E+00
       917         1         1        11
   7.4870147621863703E-01   5.0678460293880754E+00  -1.1831594033907196E+00
       918         1         1        11
   2.7920223718879313E+00   2.9657987860420718E+00   3.7529659097439449E-01
       919         1         1        11
   2.9378717262955516E+00   3.4591560122228455E+00  -2.7078780199712016E-01
       920         1         1        11
   2.6935940297064751E+00   2.8557327320548191E+00  -4.8489451213521595E-01
       921         1         1        11
   1.4572350306205926E+00   3.4014475292129611E+00  -2.0586524612210795E+00
       922         1         1        11
   1.3133290854381063E+00   3.7320277977198408E+00  -2.1346150694085861E+00
       923         1         1        11
   1.6758292354480542E+00   3.7130325852024821E+00  -2.1302038736087372E+00
       924         1         1        11
  -8.5940262134374934E-01   4.4502219686021007E+00   3.3365706544495727E-01
       925         1         1        11
  -3.9151459833011881E-02   4.2827493764773203E+00   6.1972016692625953E-01
       926         1         1        11
  -2.8794551224752352E-01   4.0482157836900958E+00  -5.8955141102656469E-02
       927         1         1        11
   1.8224460376779770E+00   4.9867366763395271E+00   6.2849032399769328E-02
       928         1         1        11
   2.5946576485944846E+00   4.7367366763395271E+00  -1.3466784611076896E-01
       929         1         1        11
   2.1323508877545883E+00   4.0669538711879767E+00   2.3605267883753882E+00
       930         1         1        11
   3.1063059352941469E+00   5.5777295797656157E+00   5.4095981613550659E-01
       931         1         1        11
   2.5406204872310703E+00   4.9410465234126590E+00   6.2325980984186902E-01
       932         1         1        11
   3.2270343471692629E+00   5.0453027504992214E+00   1.0385215611778369E+00
       933         1         1        11
   3.0283127518758581E+00   5.5147241156846913E+00   1.1105450434446880E+00
       934         1         1        11
   2.3418988919376651E+00   5.4104678885981290E+00   6.9528329210871997E-01
       935         1         1        11
   2.0227387025041281E+00   3.3979579177357317E+00   2.3196676268651002E+00
       936         1         1        11
   1.0006029557139655E+00   6.0460424157837060E+00  -1.0814623102028853E+00
       937         1         1        11
   1.5768896487251594E+00   5.8785308187235401E+00  -1.2448372533921381E+00
       938         1         1        11
   1.3232607024262026E+00   6.2628015839120188E+00  -6.8613236749995299E-01
       939         1         1        11
   1.0620483638304608E+00   5.6705521628731788E+00  -3.5951647329416747E-01
       940         1         1        11
   5.0725838694985026E-01   2.0694413828154943E+00   5.5692050843855212E-01
       941         1         1        11
   8.5453177423448468E-01   1.9907823036239916E+00   7.1772412302613553E-01
       942         1         1        11
   1.0550074791834900E+00   2.6957227073015666E+00   6.3207874277985399E-01
       943         1         1        11
   9.0953925341797470E-01   2.1865050109255582E+00   1.3398028658059895E+00
       944         1         1        11
   5.6226586613334029E-01   2.2651640901170609E+00   1.1789992512184062E+00
       945         1         1        11
   6.5552355451492539E-01   5.0168555860276847E+00   2.0543511614016774E+00
       946         1         1        11
   9.2206227732663582E-01   4.4724012327322953E+00   1.4648317342720545E+00
       947         1         1        11
   8.5442562173463776E-01   5.0820709742570251E+00   1.2257013126740284E+00
       948         1         1        11
   3.1465252788198019E+00   2.6087092367837608E+00   7.7033092108288781E-01
       949         1         1        11
   3.1763678837781448E+00   2.7956999408575198E+00   1.0268327420721750E+00
       950         1         1        11
   2.9257974987288291E+00   2.4861532184582775E+00   1.0236791725635335E+00
       951         1         1        11
   8.0493441895623863E-01   1.8716712563026843E+00   3.9503397655583616E-01
       952         1         1        11
   3.2411081926368421E+00   4.1509858836419786E+00  -1.6632819297330896E+00
       953         1         1        11
   3.3482371024789268E+00   4.0000000000000000E+00  -1.0791947569492504E+00
       954         1         1        11
   2.6094856209507187E+00   3.6459420762450518E+00  -1.0489572252236232E+00
       955         1         1        11
   3.1882995015966307E+00   3.6459420762450518E+00  -1.7331182251517969E+00
       956         1         1        11
   2.5023567111086340E+00   3.7969279598870309E+00  -1.6330443980074625E+00
       957         1         1        11
   1.2876639089735757E+00   2.1878533916826504E+00  -1.6703170706435420E+00
       958         1         1        11
   1.1609235405917695E+00   2.0332446020117256E+00  -1.3549393953517173E+00
       959         1         1        11
   2.3909217561841691E+00   5.6253056631379224E+00  -1.3350724519393733E+00
       960         1         1        11
   2.8901097008801715E+00   5.5945035902842211E+00  -1.2904619304454519E+00
       961         1         1        11
  -6.3866768071401792E-02   5.5390183671962685E+00  -8.1289867150471040E-01
       962         1         1        11
  -3.5978140913072387E-02   5.6807508201415207E+00  -4.4510488291715633E-01
       963         1         1        11
  -5.3434803236168138E-01   5.3201923129471043E+00   4.1458232386552232E-02
       964         1         1        11
   2.4102072566961447E-01   5.0932344875504505E+00  -2.6828330069339135E-01
       965         1         1        11
  -5.6223665952001078E-01   5.1784598600018512E+00  -3.2633555620100185E-01
       966         1         1        11
   1.0275775877250120E+00   3.9810555300077670E+00   2.4469576491714964E+00
       967         1         1        11
   7.7428953466338868E-01   4.0495470529812678E+00   2.4238307220714743E+00
       968         1         1        11
   3.5273243035594737E+00   5.2916345302185679E+00   4.4185038572304919E-01
       969         1         1        11
   2.8409104436212811E+00   5.1873783031320055E+00   2.6588634387081297E-02
       970         1         1        11
   2.9616388554963970E+00   4.6549514738656113E+00   5.2415037942941167E-01
       971         1         1        11
   2.9960727834230698E+00   5.8158063157749478E+00  -4.6923823991938743E-02
       972         1         1        11
   3.2312966920114010E+00   5.6076524668939864E+00  -6.0596048608558939E-01
       973         1         1        11
   3.3974635271806517E+00   3.5018946998507658E+00  -8.3575563315841594E-01
       974         1         1        11
   3.2375259262983551E+00   3.1478367760958177E+00  -1.4896791013609625E+00
       975         1         1        11
   3.5659120316431885E+00   2.9610507120736118E+00  -7.1150967813445953E-01
       976         1         1        11
   2.7779341254132550E+00   3.1050980884678974E+00  -9.2471127019966692E-01
       977         1         1        11
   3.4608231376899585E+00   2.5612224751873800E+00   2.4849248313532948E-01
       978         1         1        11
   3.4906657426483014E+00   2.7482131792611395E+00   5.0499430412461654E-01
       979         1         1        11
   1.4920224931390331E+00   3.3173160169065725E+00  -1.4397633526077356E+00
       980         1         1        11
   1.3663797836317015E+00   3.1256072109999886E+00  -7.8009712015776567E-01
       981         1         1        11
  -2.0781785278203241E-01   5.8055068133552972E+00   1.2974379460371521E-01
       982         1         1        11
   5.6755090524926333E-01   5.5785489879586425E+00  -1.7999773847622838E-01
       983         1         1        11
   6.9181013800654445E-02   5.2179904807642261E+00   3.0656537682748014E-01
       984         1         1        11
   1.4881427095073316E+00   3.9417088059065839E+00  -2.1596662324499700E+00
       985         1         1        11
   6.9137637526329634E-02   3.2613553868822733E+00   7.9178733818119240E-01
       986         1         1        11
  -7.1521970259556533E-01   3.0743038053430105E+00   5.7988411135213913E-01
       987         1         1        11
  -1.7965641488818201E-01   3.0268217940950488E+00   1.1311203015227642E-01
       988         1         1        11
   1.9438663311474720E+00   3.1056807995514291E+00  -2.2504265754841946E+00
       989         1         1        11
   1.9629167195415427E+00   3.5876508821516357E+00  -1.5111065791630549E+00
       990         1         1        11
   2.1624605359749336E+00   3.4172658555409505E+00  -2.3219779878718523E+00
       991         1         1        11
   4.7961451446984427E-01   2.5949440005829696E+00   2.8620707856009148E-01
       992         1         1        11
   5.3462199365333429E-01   2.7906667078845362E+00   9.0828582133994540E-01
       993         1         1        11
  -1.3127098580305464E-02   2.1643853833984643E+00   8.3312758699864364E-01
       994         1         1        11
   3.7132541711050276E-01   4.6163379901780166E+00   1.0913990730515859E-01
       995         1         1        11
  -1.5404345168308869E-01   4.5449493661400489E+00  -3.4594311469074907E-01
       996         1         1        11
   4.7463113120640854E-01   4.4286113759620314E+00  -4.5508302199590767E-01
       997         1         1        11
   3.4072907064197372E-01   3.9318777935120792E+00  -1.6809504840781506E-01
       998         1         1        11
  -1.8463979815161774E-01   3.8604891694741110E+00  -6.2317807040372275E-01
       999         1         1        11
   1.9516682010697513E+00   3.9417088059065835E+00  -2.0862510068927009E+00
      1000         1         1        11
   1.7836127407006106E+00   4.1068868870869828E+00  -2.4418669314670565E+00
      1001         1         1        11
   2.0594517063223075E+00   4.3355631077910841E+00  -2.3979140647510202E+00
      1002         1         1        11
   1.5840689242672195E+00   4.2772719136976676E+00  -1.6309955227582591E+00
      1003         1         1        11
   3.4432643976552024E-01   4.9055078733344653E+00  -8.3250622999445767E-01
      1004         1         1        11
  -4.5893094542410495E-01   4.9907332457858669E+00  -8.9055848550206806E-01
      1005         1         1        11
   3.7132541711050276E-01   4.1163379901780166E+00   1.1413990730515859E-01
      1006         1         1        11
   5.8952312305648535E-01   3.6664113862993037E+00   5.1558025962110099E-01
      1007         1         1        11
   3.4072907064197372E-01   3.4318777935120792E+00  -1.6309504840781505E-01
      1008         1         1        11
   8.0505408468458250E-01   3.6182767491306160E+00  -2.4014763051540422E+00
      1009         1         1        11
   9.4896002986706873E-01   3.2876964806237363E+00  -2.3255136969665351E+00
      1010         1         1        11
   7.5923545158834238E-01   3.9848171321992045E+00  -2.4018974365795422E+00
      1011         1         1        11
   9.7986770875380780E-01   3.8279577573173591E+00  -2.4265274681954256E+00
      1012         1         1        11
   2.3860956623263530E+00   3.3569016316269931E+00   1.3435694682246484E+00
      1013         1         1        11
   2.3774467363752132E+00   2.7741663542145920E+00   1.6985596731284591E+00
      1014         1         1        11
   2.1613524707507836E+00   2.5925225744557325E+00   1.0409198485598847E+00
      1015         1         1        11
   2.6521906606938650E+00   6.0671298817088939E+00   9.2026095524937401E-02
      1016         1         1        11
   2.4023339559775052E+00   2.6346135309814755E+00   5.4022347243576663E-01
      1017         1         1        11
   2.7166318148476618E+00   2.5871267693850952E+00   1.8385034488208302E-02
      1018         1         1        11
   2.4052280254774234E+00   2.0682358700426002E+00  -8.8119531895842851E-01
      1019         1         1        11
   2.4282658106186101E+00   1.7996299073728763E+00  -3.7791577233500429E-01
      1020         1         1        11
  -8.5332564621826523E-01   4.4580971850271798E+00  -1.4967371595290557E-01
      1021         1         1        11
  -7.5001993212235940E-01   4.2703705708111945E+00  -7.1389664525397190E-01
      1022         1         1        11
  -8.8392199268679428E-01   3.7736369883612420E+00  -4.2690867166587920E-01
      1023         1         1        11
   1.2756427095073315E+00   3.6917088059065839E+00  -6.5966623244996991E-01
      1024         1         1        11
   1.2756427095073315E+00   4.1917088059065843E+00  -6.5966623244996991E-01
      1025         1         1        11
   2.4382995015966307E+00   3.6459420762450518E+00  -2.2780251211558160E+00
      1026         1         1        11
   2.3652079243616422E+00   3.0425187960770255E+00  -1.2630639353617190E+00
      1027         1         1        11
   3.4072907064197372E-01   3.4318777935120792E+00  -1.6809504840781506E-01
      1028         1         1        11
   5.8952312305648535E-01   4.1664113862993037E+00   5.1558025962110099E-01
      1029         1         1        11
   3.7132541711050276E-01   4.6163379901780166E+00   1.1413990730515859E-01
      1030         1         1        11
   1.5959262147598881E+00   4.3355631077910841E+00  -2.4713292903082893E+00
      1031         1         1        11
   3.6852540441421229E+00   4.2451517504723313E+00   9.8002586095305566E-01
      1032         1         1        11
   2.9922397292143978E+00   4.0186376901381049E+00   8.7552484571767397E-01
      1033         1         1        11
   3.3543632140339112E+00   4.6351337544804903E+00   1.2253225701195811E+00
      1034         1         1        11
   3.6546531704241221E+00   4.8814655341998385E+00   6.2865139466479336E-01
      1035         1         1        11
   3.2925296856046087E+00   4.2649694698574523E+00   2.7885367026288627E-01
      1036         1         1        11
   1.7126474742750719E+00   5.4115890946183214E+00  -1.7750875310443646E+00
      1037         1         1        11
   1.6125916874646544E+00   5.1877673020971375E+00  -2.2056186701648510E+00
      1038         1         1        11
   1.7938697356923774E+00   2.9523654811207924E+00   1.0756462572408303E+00
      1039         1         1        11
   3.1531858305915752E+00   2.8984714196827399E+00  -1.0498623432965117E+00
      1040         1         1        11
   1.1456716403642917E+00   5.1931537263216949E+00  -2.0400255752487317E+00
      1041         1         1        11
   2.9004275361701923E+00   3.3209706168841988E+00   7.6368158273655073E-01
      1042         1         1        11
   3.5990709069305620E+00   3.1033850101032669E+00   8.9337929588677278E-01
      1043         1         1        11
   3.2147253950403489E+00   3.2734838552878185E+00   2.4184314478899241E-01
      1044         1         1        11
   3.0799423579327825E+00   4.9474033098225210E+00   1.3966378715389145E+00
      1045         1         1        11
   2.8812207626393773E+00   5.4168246750079918E+00   1.4686613538057656E+00
      1046         1         1        11
  -5.0257316951108522E-01   3.8710136098895696E+00  -1.2609075802017977E+00
      1047         1         1        11
  -6.3647523007552009E-01   3.3742800274396165E+00  -9.7391960661370514E-01
      1048         1         1        11
  -2.4733659196368610E-01   3.5203599912448968E+00  -1.7323520264013159E+00
      1049         1         1        11
   7.0596779395781378E-02   3.5098355508294383E+00  -1.0946225166032408E+00
      1050         1         1        11
   1.7522210661749527E+00   6.3018372480194005E+00   5.7407631740894483E-01
      1051         1         1        11
   2.2698140485815808E+00   6.0949182588581809E+00   6.1901861510433176E-01
      1052         1         1        11
   2.1918208651632920E+00   6.0319127947772575E+00   1.1886038424135130E+00
      1053         1         1        11
   1.8243059095310370E+00   5.6173868777593485E+00   6.5034099441333304E-01
      1054         1         1        11
   6.4453060223997538E-01   3.3621340936008703E+00   1.1376590024009550E+00
      1055         1         1        11
  -1.8445245040335323E-01   3.3075210895210003E+00   1.4220223211076353E+00
      1056         1         1        11
   2.8103190572365144E-01   2.8368324105232632E+00   1.5385208042663883E+00
      1057         1         1        11
   3.6020142651733145E-03   3.3721652332294636E+00   1.8583997106580310E+00
      1058         1         1        11
   3.6710071078149725E-01   3.8974669163070708E+00   1.4575379087925975E+00
      1059         1         1        11
   3.2400953575989861E+00   2.4386664568618972E+00   5.0184073461597511E-01
      1060         1         1        11
   2.3614346349795257E-01   5.9121345944270960E+00  -6.3148381175140189E-01
      1061         1         1        11
   6.4303751628992545E-02   6.0368905876408725E+00  -5.6635134230530321E-02
      1062         1         1        11
   3.4170911516883966E+00   5.5297112662279000E+00  -1.4603325440439610E-01
      1063         1         1        11
   3.0761343522096123E+00   4.9792244542510451E+00  -5.3244802770656929E-01
      1064         1         1        11
   1.1124999999999998E+00   4.0000000000000000E+00   0.0000000000000000E+00
      1065         1         1        11
   1.1124999999999998E+00   4.5000000000000000E+00   0.0000000000000000E+00
      1066         1         1        11
   1.3131427095073316E+00   4.1917088059065843E+00  -6.5966623244996991E-01
      1067         1         1        11
   1.3131427095073316E+00   3.6917088059065839E+00  -6.5966623244996991E-01
      1068         1         1        11
   1.1124999999999998E+00   3.5000000000000000E+00   0.0000000000000000E+00
      1069         1         1        11
   1.4514948561702861E+00   4.0710377660980459E+00   2.2416142299672890E+00
      1070         1         1        11
   2.8298815571828158E+00   4.5285828274585658E+00  -6.9370450820441953E-01
      1071         1         1        11
   1.6937262114818918E+00   6.0388890901414296E+00   1.0586533910738254E+00
      1072         1         1        11
   1.3262112558496368E+00   5.6243631731235197E+00   5.2039054307364530E-01
      1073         1         1        11
   1.2687474327343995E+00   2.5545200726463819E+00   1.8330816752038044E+00
      1074         1         1        11
   1.4973546819973353E+00   1.7597996251755357E+00   1.1043745831735027E-01
      1075         1         1        11
   2.0483263814659534E+00   1.6377703823377854E+00   1.9709341629214047E-01
      1076         1         1        11
   1.7759716994686179E+00   2.3779707571622497E+00   9.6655957974790208E-02
      1077         1         1        11
   1.5349902142418961E+00   2.3358798006365062E+00   5.9735233409890831E-01
      1078         1         1        11
   2.0859619137105141E+00   2.2138505577987559E+00   6.8400829207369851E-01
      1079         1         1        11
   1.8073448962392316E+00   1.5956794258120419E+00   6.9778979241625860E-01
      1080         1         1        11
  -2.3745186807331392E-01   3.1271848203382522E+00  -1.3433064399206955E+00
      1081         1         1        11
   1.2675104523418663E+00   4.0985681807884298E+00  -2.1350362008340862E+00
      1082         1         1        11
   1.0757939235136957E+00   4.1635208651084437E+00  -1.8978567585037149E+00
      1083         1         1        11
   1.3752939575944227E+00   4.4924224826729295E+00  -2.4466992586924055E+00
      1084         1         1        11
   1.6362301677928057E+00   2.1946771659813216E+00   1.7983552665228586E+00
      1085         1         1        11
   2.9904108592059542E+00   2.7561247774109909E+00   1.2753825684500297E+00
      1086         1         1        11
   3.6250907712237268E+00   3.8143278430649730E+00   1.1967919467142827E+00
      1087         1         1        11
   3.2941999411155152E+00   4.2043098470731319E+00   1.4420886558808079E+00
      1088         1         1        11
   3.1107588973798874E+00   3.8502588578077663E+00   1.7766798322023802E+00
      1089         1         1        11
   2.8087986854787701E+00   3.6645867008727397E+00   1.2101160220392462E+00
      1090         1         1        11
   2.6689486747108013E+00   2.7653908180503111E+00   1.5612345813979156E+00
      1091         1         1        11
   2.5773198240193791E+00   3.1090069020388520E+00   2.0076690207006109E+00
      1092         1         1        11
   3.4086954378287277E+00   4.5285828274585658E+00  -1.3778655081325932E+00
      1093         1         1        11
   2.7227526473407311E+00   4.6795687111005453E+00  -1.2777916809882588E+00
      1094         1         1        11
   1.2389948561702862E+00   3.8210377660980455E+00   7.4661422996728899E-01
      1095         1         1        11
   1.2014948561702861E+00   3.8210377660980455E+00   7.4661422996728899E-01
      1096         1         1        11
   1.0925074791834901E+00   3.1957227073015666E+00   6.3207874277985399E-01
      1097         1         1        11
   1.0550074791834900E+00   3.1957227073015666E+00   6.3207874277985399E-01
      1098         1         1        11
   2.3525766324438098E+00   2.3446278448675915E+00   1.7050194010358475E+00
      1099         1         1        11
  -5.6559928290834849E-01   2.7331873830697875E+00  -2.8163466224561667E-01
      1100         1         1        11
  -4.9353288836226616E-01   4.1835167385052330E+00   1.1443123806653763E+00
      1101         1         1        11
  -7.1173059430824881E-01   4.6334433423839458E+00   7.4287202834943389E-01
      1102         1         1        11
   3.1009054421283511E-01   4.3177748529335540E+00   1.2337977639258666E+00
      1103         1         1        11
  -3.6248859026240177E-01   4.6684688188401795E+00   1.3569496253490407E+00
      1104         1         1        11
   9.1892838266852517E-02   4.7677014568122669E+00   8.3235741160992405E-01
      1105         1         1        11
   2.9349449139578541E+00   3.1294022607744401E+00   1.5497565084996960E+00
      1106         1         1        11
   3.4131138823583713E+00   3.0638098466567376E+00   1.1419291222646275E+00
      1107         1         1        11
   3.3576479371102717E+00   3.4370873300201867E+00   1.4163030623142938E+00
      1108         1         1        11
   2.5690963923867165E+00   6.0624788183310869E+00   4.1119314144403873E-01
      1109         1         1        11
   2.2799749332857715E+00   6.1886219008823833E+00   2.6187365582661182E-01
      1110         1         1        11
   2.8167898621607810E+00   2.5340224177022965E+00  -1.2165240382642128E+00
      1111         1         1        11
   2.9011299578675613E+00   2.7833877741153747E+00  -1.6563407963286636E+00
      1112         1         1        11
   2.7153860604696005E+00   4.2043098470731319E+00   3.6289389893156138E-01
      1113         1         1        11
   2.2170236044036624E+00   4.7363273194262288E+00   3.3764065636260121E-01
      1114         1         1        11
   2.3377520162787784E+00   4.2039004901598345E+00   8.3520240140493152E-01
      1115         1         1        11
   1.4729721047449627E+00   2.8353459343063658E+00  -2.1790833489288750E+00
      1116         1         1        11
   1.9786537936659125E+00   3.0215492872450405E+00  -1.6315374668708507E+00
      1117         1         1        11
   9.8374749238550929E-01   3.2035649683173477E+00  -1.7066245883531916E+00
      1118         1         1        11
   2.8504069416885596E+00   2.1074812018013009E+00   6.6676761607734725E-01
      1119         1         1        11
   7.9101797922677142E-01   3.9874491523973492E+00   1.2521944895883901E+00
      1120         1         1        11
   1.8972334058174658E+00   3.8502588578077668E+00   2.3950019537636722E+00
      1121         1         1        11
   3.9115652796613047E+00   3.8143278430649725E+00   3.1511406827556993E-01
      1122         1         1        11
   3.0462768905778121E+00   3.8143278430649730E+00   1.1759718976503603E-01
      1123         1         1        11
   3.6347116109165074E+00   3.9999999999999996E+00  -1.9751687851054264E-01
      1124         1         1        11
   3.8031601153790442E+00   3.4591560122228451E+00  -7.3270923486586259E-02
      1125         1         1        11
   2.4911081926368421E+00   4.1509858836419786E+00  -2.2081888257371087E+00
      1126         1         1        11
   2.1235089158343108E+00   4.4865489914330627E+00  -1.7529333416026667E+00
      1127         1         1        11
   1.8438042382562652E+00   5.4174441839623011E+00   5.6533284076903223E-01
      1128         1         1        11
   1.6409357673039733E+00   4.6802981507094765E+00   7.7727543233209473E-01
      1129         1         1        11
   2.1390304209853732E+00   4.6733218553453053E+00   9.0722588367178258E-01
      1130         1         1        11
   7.4307182228835778E-01   2.6928895318746009E+00   1.7964676975277545E+00
      1131         1         1        11
   4.6564193082987965E-01   3.2282223545808013E+00   2.1163466039193972E+00
      1132         1         1        11
   9.2364494711640299E-01   4.2946744390240035E+00   2.4101190162542894E+00
      1133         1         1        11
   7.1253372108358748E-01   4.5965476494012005E+00   2.2780913062684087E+00
      1134         1         1        11
   2.3062084460212056E+00   5.5091500877830599E+00   1.8037935108682763E+00
      1135         1         1        11
   2.4911032089684273E+00   5.9994733542501635E+00   9.8077836875322000E-01
      1136         1         1        11
   3.8175249453708582E+00   4.2607561859898357E+00   5.8710515826059684E-01
      1137         1         1        11
   3.7869240716528574E+00   4.8970699697173421E+00   2.3573069197233443E-01
      1138         1         1        11
   1.3568170122688215E+00   6.4013435141356707E+00  -3.2535660631757124E-01
      1139         1         1        11
   1.2014948561702861E+00   4.3210377660980459E+00   7.4661422996728899E-01
      1140         1         1        11
   2.8433160632664327E+00   3.4730183447629805E+00   1.9961909478023916E+00
      1141         1         1        11
   1.7759716994686179E+00   2.8779707571622497E+00   9.1655957974790203E-02
      1142         1         1        11
   1.3366711225237025E+00   1.8269258280847505E+00   4.7905029915269892E-01
      1143         1         1        11
   8.7993441895623858E-01   1.8716712563026843E+00   3.9503397655583616E-01
      1144         1         1        11
   1.2274246331981349E+00   1.7075510569391905E+00   9.8238631065474447E-01
      1145         1         1        11
   1.4974902142418962E+00   2.3358798006365062E+00   5.9735233409890831E-01
      1146         1         1        11
   1.6841613367655985E+00   1.6628056287212567E+00   1.0664026332516072E+00
      1147         1         1        11
   1.9125652614852482E+00   5.7139765370440703E+00  -1.4735413333733351E+00
      1148         1         1        11
   3.5366102716484247E+00   3.5151316944945217E+00  -4.2018899475840465E-01
      1149         1         1        11
   3.7050587761109615E+00   2.9742877067173672E+00  -2.9594303973444824E-01
      1150         1         1        11
   3.8134639403932220E+00   3.3294595375594946E+00   9.2441952027707941E-02
      1151         1         1        11
   7.2056742115634975E-01   4.6513634666342503E+00   7.2821750430476551E-01
      1152         1         1        11
   1.4973546819973353E+00   1.7597996251755357E+00   1.0543745831735027E-01
      1153         1         1        11
   1.3741711225237023E+00   1.8269258280847505E+00   4.7905029915269892E-01
      1154         1         1        11
   3.0156760168598113E+00   4.4506416267924793E+00  -2.3377727652322633E-01
      1155         1         1        11
   1.2389948561702862E+00   4.3210377660980459E+00   7.4661422996728899E-01
      1156         1         1        11
   1.3048530552713489E+00   5.1936556655007458E+00   1.7906734704382449E-02
      1157         1         1        11
   1.8513622565088874E+00   3.2566427738192258E+00   4.5356751446097643E-01
      1158         1         1        11
   1.8513622565088874E+00   2.7566427738192258E+00   4.5356751446097643E-01
      1159         1         1        11
   1.7759716994686179E+00   2.8779707571622497E+00   9.6655957974790208E-02
      1160         1         1        11
  -4.0427856587051336E-01   4.2947369154414545E+00  -1.4359386458908341E+00
      1161         1         1        11
  -1.4904198832311424E-01   3.9440832967967818E+00  -1.9073830920903523E+00
      1162         1         1        11
   1.8224460376779770E+00   4.9867366763395271E+00   6.7849032399769332E-02
      1163         1         1        11
   1.2463582005782881E+00   4.9307075076227740E+00   5.0748380836926288E-01
      1164         1         1        11
   1.6195775667256851E+00   4.2495906430867025E+00   2.7979162396283191E-01
      1165         1         1        11
   1.1156016452698481E-02   5.4401798778884416E+00   1.2236075723851876E+00
      1166         1         1        11
  -3.3808598759314851E-01   5.4051544014322079E+00   6.0952997538558062E-01
      1167         1         1        11
  -1.1555808013499591E-02   5.8904689018404008E+00   6.9781553760274362E-01
      1168         1         1        11
   4.1842301784650143E-01   5.2530159572204598E+00   9.2064297382708704E-01
      1169         1         1        11
   5.9277114052574764E-01   5.8618281330600155E+00  -1.2046360605690709E+00
      1170         1         1        11
   6.0208199962616127E-01   5.4758811677032231E+00  -1.6329490479626907E+00
      1171         1         1        11
   3.0711347217795324E+00   2.2300372201267842E+00   4.1341936459670159E-01
      1172         1         1        11
   2.3855496762396631E+00   5.2702536865059555E+00  -1.6673690503621987E+00
      1173         1         1        11
   2.1121018545400894E+00   5.4899705843555608E+00  -1.6411865156383181E+00
      1174         1         1        11
   2.2854938894292456E+00   5.0464318939847725E+00  -2.0979001894826852E+00
      1175         1         1        11
   2.0120460677296723E+00   5.2661487918343779E+00  -2.0717176547588045E+00
      1176         1         1        11
   3.4532654159159404E+00   4.4612950334723021E+00  -7.4398074320362562E-01
      1177         1         1        11
   3.5137237512657413E+00   4.9898778609308678E+00  -1.0426514943869685E+00
      1178         1         1        11
   1.7085724228959713E+00   4.0706284091847476E+00   1.0164058539301208E+00
      1179         1         1        11
  -5.5134526601949352E-01   5.0271590629852190E+00   7.7107568867776755E-01
      1180         1         1        11
  -2.0210326197364648E-01   5.0621845394414526E+00   1.3851532856773745E+00
      1181         1         1        11
   2.7141264157182219E+00   5.8631132646027373E+00   7.0510111592430225E-01
      1182         1         1        11
   2.6361332322999322E+00   5.8001078005218130E+00   1.2746863432334834E+00
      1183         1         1        11
   1.7623819508791434E+00   6.3955408900436019E+00   2.1693135813122491E-01
      1184         1         1        11
   2.7036769655463306E+00   2.4847016458697038E+00   1.2820399271711833E+00
      1185         1         1        11
   2.3873049232793395E+00   2.0639386726869837E+00   1.4258247468091152E+00
      1186         1         1        11
   2.6094254564618380E+00   2.0653902452755579E+00   1.1674639922014654E+00
      1187         1         1        11
   9.0837391049406002E-01   4.4978089068974869E+00  -2.2811061637762862E+00
      1188         1         1        11
   4.9814500888136165E-01   4.3824189966420173E+00   1.6701751534762621E+00
      1189         1         1        11
   5.4213357756313740E-01   3.3612958072668135E+00  -2.2832203054897677E+00
      1190         1         1        11
   3.2295160632123943E+00   2.5966017100931684E+00  -8.7817137310216065E-01
      1191         1         1        11
   3.5612963853592361E+00   3.9999999999999996E+00  -6.6104237007296351E-01
      1192         1         1        11
   5.2881184738638654E-01   4.1159265780097316E+00   2.3551630804475288E+00
      1193         1         1        11
   1.1675074791834898E+00   2.6957227073015666E+00   6.3207874277985399E-01
      1194         1         1        11
   1.1675074791834898E+00   3.1957227073015666E+00   6.3207874277985399E-01
      1195         1         1        11
   2.9093787605219630E+00   5.8664547970908227E+00   3.3176253603842376E-01
      1196         1         1        11
   2.4299217329804468E-01   5.5703335663127280E+00  -1.2549227939590335E+00
      1197         1         1        11
  -1.5207200405465848E-01   5.0220484449023264E+00  -1.3325826079563914E+00
      1198         1         1        11
   2.5230303239845836E-01   5.1843866009559356E+00  -1.6832357813526533E+00
      1199         1         1        11
   5.7941738931254760E-03   2.7460084373781983E+00  -1.4360453556331070E+00
      1200         1         1        11
  -4.0905499972467008E-03   3.1391836082848430E+00  -1.8250909421137274E+00
      1201         1         1        11
   3.6995182109427369E+00   4.9119366602647814E+00  -5.8272426270577526E-01
      1202         1         1        11
   7.6361759933663076E-01   1.8492455309198350E+00  -2.2653714414391840E-01
      1203         1         1        11
  -2.9436105898999432E-01   2.7360537038046662E+00   1.1926491400466259E+00
      1204         1         1        11
   1.0985996062100105E+00   1.7764130246558532E+00   9.9329254494970598E-02
      1205         1         1        11
   2.0113587975167015E+00   2.0346772263797011E+00   1.6073110678143199E+00
      1206         1         1        11
   9.8204375696006785E-01   1.9076373910117372E+00  -5.7484227519395159E-01
      1207         1         1        11
   1.1124999999999998E+00   2.5000000000000000E+00   0.0000000000000000E+00
      1208         1         1        11
   8.0111759933663074E-01   1.8492455309198350E+00  -2.2653714414391840E-01
      1209         1         1        11
   8.3861759933663071E-01   1.8492455309198350E+00  -2.2653714414391840E-01
      1210         1         1        11
   2.7171503757437803E+00   4.8618546698356671E+00  -1.9081749504687735E+00
      1211         1         1        11
   3.1989003841619984E-01   4.4699625291995302E+00  -2.0621942074068680E+00
      1212         1         1        11
   9.6470582603480626E-05   4.4570750714950638E+00  -1.7865918192870960E+00
      1213         1         1        11
   1.7075157951048212E-01   3.9569707545012478E+00  -2.1829854802101245E+00
      1214         1         1        11
   2.6978411181794010E-01   4.8404666607716820E+00  -1.9292218859261796E+00
      1215         1         1        11
  -3.5360478282127461E-02   4.8637085629758765E+00  -1.5937547924875060E+00
      1216         1         1        11
   1.5028077410328999E-01   5.3607908574743970E+00   1.5335439190118993E+00
      1217         1         1        11
   1.2756894963709192E-01   5.8110798814263553E+00   1.0077518842294555E+00
      1218         1         1        11
   3.6722676732498294E+00   3.4011910126060245E+00   1.0150765202103185E+00
      1219         1         1        11
  -5.0146140932655847E-01   3.7444106536044499E+00   1.1603311594757013E+00
      1220         1         1        11
   4.9666284388477000E-01   1.9557356080680957E+00   9.0806835353342052E-02
      1221         1         1        11
   3.4422732397561023E-01   2.3810275655097239E+00  -1.3877157848287567E+00
      1222         1         1        11
   5.5180508833050157E-01   2.5115131417704584E+00   1.5270446566252176E+00
      1223         1         1        11
  -2.3587876383144180E-02   2.4107344350518618E+00   1.1811729924054550E+00
      1224         1         1        11
  -4.3973551473524430E-01   4.7013704069222673E+00  -1.2431016190912438E+00
      1225         1         1        11
  -6.7529604130693055E-01   4.7135301408133330E+00  -5.1884685711242529E-01
      1226         1         1        11
  -7.7860175540283638E-01   4.9012567550293173E+00   4.5376072188640995E-02
      1227         1         1        11
   9.8219530855911164E-01   4.9768964973724330E+00  -3.7742320799854995E-01
      1228         1         1        11
   1.2738382517355205E+00   6.1160033129333868E+00   9.2417274836460717E-01
      1229         1         1        11
   1.3323331064285813E+00   6.3789514708113577E+00   4.3959567469972671E-01
      1230         1         1        11
   8.6969530855911170E-01   4.9768964973724330E+00  -3.7742320799854995E-01
      1231         1         1        11
   8.7900616765952533E-01   4.5909495320156415E+00  -8.0573619539216967E-01
      1232         1         1        11
   2.6112897992360926E+00   5.4591685115018596E+00  -1.5965759941443967E+00
      1233         1         1        11
   2.8847376209356659E+00   5.2394516136522542E+00  -1.6227585288682773E+00
      1234         1         1        11
   3.8809644059433039E+00   4.4506416267924784E+00  -3.6260398012692395E-02
      1235         1         1        11
   3.8075491803860326E+00   4.4506416267924784E+00  -4.9978588957511333E-01
      1236         1         1        11
   8.5326400952388937E-01   2.6843288546496709E+00  -1.9414899686477565E+00
      1237         1         1        11
   1.0661456524410313E+00   2.9089452609494431E+00  -2.1367899574521072E+00
      1238         1         1        11
   3.2925193464599545E-01   3.1366794009670413E+00  -2.0879203166854170E+00
      1239         1         1        11
   9.9363221627588150E-01   2.8103897974107035E+00  -1.3175790018725713E+00
      1240         1         1        11
   3.3913665853636760E-01   2.7435042300603971E+00  -1.6988747302047966E+00
      1241         1         1        11
   3.3303971287872898E+00   5.5803597475437750E+00   2.3265310562596636E-01
      1242         1         1        11
   2.4414271879074385E+00   2.2803915432693485E+00  -1.2486045108275383E+00
      1243         1         1        11
   2.0548730572117093E+00   2.2594220344373639E+00  -1.6170780423366700E+00
      1244         1         1        11
   6.9785559669015162E-01   5.1016524905862095E+00   2.0242546952232157E-01
      1245         1         1        11
   2.4221970403445576E+00   3.1518593785760580E+00  -2.1952018284545569E+00
      1246         1         1        11
  -2.7905259074895683E-01   4.1497975898758090E+00   1.4823411625518537E+00
      1247         1         1        11
  -1.4800829264909243E-01   4.6347496702107556E+00   1.6949784072355181E+00
      1248         1         1        11
   6.5511875459249180E-01   5.0988430595575629E+00  -2.0103224814865688E+00
      1249         1         1        11
  -6.3596638742538036E-01   4.6055295626004522E+00  -9.2039501862868511E-01
      1250         1         1        11
   5.6357155352522825E-01   5.6401348984629207E+00   1.3128102230763967E+00
      1251         1         1        11
   8.3171379726843964E-01   5.5323599982089835E+00   6.9990927789158441E-01
      1252         1         1        11
   2.9623523279918031E+00   4.2043098470731319E+00   1.7739362690045204E+00
      1253         1         1        11
   2.7789112842561758E+00   3.8502588578077663E+00   2.1085274453260929E+00
      1254         1         1        11
  -6.1137001791319956E-01   3.1729432678881158E+00   9.3095797841469197E-01
      1255         1         1        11
   1.0985996062100105E+00   1.7764130246558532E+00   9.4329254494970594E-02
      1256         1         1        11
   1.6195775667256851E+00   3.7495906430867025E+00   2.7979162396283191E-01
      1257         1         1        11
   1.5620850459091753E+00   3.4453133503882691E+00   9.0187036674268595E-01
      1258         1         1        11
   1.3434770890123167E+00   1.7745781272434034E+00  -2.6979417075438794E-01
      1259         1         1        11
   1.9403571126791734E+00   3.5776805399172718E+00   1.1901817444282654E+00
      1260         1         1        11
   9.7208140118391373E-01   5.7165158681507062E+00   1.5062471807538920E+00
      1261         1         1        11
   5.5879062176197547E-01   5.4371718271621816E+00   1.7269808766893946E+00
      1262         1         1        11
   1.2770219884763809E+00   1.8266621042604978E+00   1.3050764571250437E+00
      1263         1         1        11
   2.8837621310703736E+00   4.7470377903639633E+00   1.7051799923349984E+00
      1264         1         1        11
   2.6850405357769684E+00   5.2164591555494333E+00   1.7772034746018495E+00
      1265         1         1        11
   1.0341592655565841E+00   6.1845843460073588E+00  -7.2068654902050366E-01
      1266         1         1        11
   2.7193583186126697E+00   2.3051591620586267E+00  -1.0212891088844642E+00
      1267         1         1        11
   2.7813139302771859E+00   2.2170659346207078E+00  -6.6674533360908916E-01
      1268         1         1        11
   3.1320845196642830E+00   2.3677384544494986E+00  -6.8293644372241213E-01
      1269         1         1        11
   3.1940401313287992E+00   2.2796452270115797E+00  -3.2839266844703707E-01
      1270         1         1        11
   1.1124999999999998E+00   2.5000000000000000E+00   1.0000000000000000E-02
      1271         1         1        11
   1.0235996062100106E+00   1.7764130246558532E+00   9.9329254494970598E-02
      1272         1         1        11
   1.0610996062100104E+00   1.7764130246558532E+00   9.9329254494970598E-02
      1273         1         1        11
   8.4243441895623861E-01   1.8716712563026843E+00   3.9503397655583616E-01
      1274         1         1        11
   3.2465438260197681E+00   5.4729007639470399E+00  -9.9905600193288580E-01
      1275         1         1        11
   1.2920514858325700E+00   5.9555757651733465E+00   1.2875204017950519E+00
      1276         1         1        11
   9.3700442689812669E-01   2.3689499561841796E+00   1.6043884152786734E+00
      1277         1         1        11
  -2.3722641645385723E-02   2.0506796086510652E+00   3.6701391391343352E-01
      1278         1         1        11
   1.1206209603543679E-01   3.5113735997812889E+00  -2.1083429739879627E+00
      1279         1         1        11
   2.9175353205253629E-01   5.8326041643238895E+00  -9.6216500568356578E-01
      1280         1         1        11
   5.9780787971126759E-01   4.6862129053269159E+00  -2.1653764352830605E+00
      1281         1         1        11
   4.4866942080554995E-01   4.1732211306286331E+00  -2.2861677080863165E+00
      1282         1         1        11
  -3.9322918810908064E-01   2.9931036444795631E+00  -1.0666585223261165E+00
      1283         1         1        11
  -8.2017516832763371E-01   3.4656616452279838E+00  -6.2918051302233069E-01
      1284         1         1        11
  -7.5651932094160990E-01   3.8011806279317351E+00  -8.1670017101700565E-01
      1285         1         1        11
   2.3336893656366122E+00   1.7135181901214382E+00   3.6136144296162315E-01
      1286         1         1        11
   2.0927078804098906E+00   1.6714272335956948E+00   8.6205781908574131E-01
      1287         1         1        11
   2.4107830790469160E+00   1.7146099885753059E+00   2.0292595096811916E-02
      1288         1         1        11
  -6.2261726037717502E-01   4.2979142103816876E+00  -1.1036881446050981E+00
      1289         1         1        11
   3.8381500541040361E+00   3.8143278430649725E+00   7.7863955983799260E-01
      1290         1         1        11
   3.4240039688270762E+00   2.5763793244245896E+00  -5.3631992269477302E-01
      1291         1         1        11
   1.6947525077146122E+00   5.8386857345266119E+00   1.4038334385388602E+00
      1292         1         1        11
   2.1928471613960121E+00   5.8317094391624398E+00   1.5337838898785479E+00
      1293         1         1        11
   8.3812033036870803E-01   5.9488786048710285E+00   1.0889241251307142E+00
      1294         1         1        11
   4.0211772648057170E-01   6.1198235878344631E+00   7.8386578628377301E-01
      1295         1         1        11
   8.3783564784738407E-01   6.2869482958968215E+00   6.1911440951766583E-01
      1296         1         1        11
   8.9020865196150067E-01   5.7953081560869553E+00   2.1533220422670402E-01
      1297         1         1        11
   2.6686428463869900E+00   3.8139184861516755E+00   5.8990569223840628E-01
      1298         1         1        11
   2.4559967567833487E+00   2.5646379834276489E+00  -1.5242855364581018E+00
      1299         1         1        11
   2.0694426260876195E+00   2.5436684745956639E+00  -1.8927590679672335E+00
      1300         1         1        11
  -7.6904792419968770E-01   4.8290255904300681E+00   4.2973647052275438E-01
      1301         1         1        11
   1.8914350516710201E+00   4.9650154917063372E+00  -2.3004132694799724E+00
      1302         1         1        11
   3.4215615230795576E-01   3.6446753582939193E+00   2.2380989411874341E+00
      1303         1         1        11
  -4.9721146117378642E-02   2.1234485195922632E+00  -1.0684538961445916E-01
      1304         1         1        11
  -4.2671383908047789E-01   2.3962535901406778E+00   1.6766746472228986E-01
      1305         1         1        11
   1.6620357455056072E+00   2.3114489062723971E+00  -1.8253501011164608E+00
      1306         1         1        11
   3.1530993997736516E+00   4.5513531559424267E+00   1.5500903558479007E+00
      1307         1         1        11
   1.3048530552713489E+00   5.1936556655007458E+00   2.2906734704382450E-02
      1308         1         1        11
   4.7961451446984427E-01   3.0949440005829696E+00   2.8620707856009148E-01
      1309         1         1        11
   1.2329616989031260E+00   2.5084338502476582E+00  -1.9736689670813217E+00
      1310         1         1        11
   5.9441888982675284E-01   6.0519227655825301E+00  -8.4474544423060749E-01
      1311         1         1        11
   9.1707663653899008E-01   6.2686819337108428E+00  -4.4941550152767507E-01
      1312         1         1        11
   2.9092605795131310E+00   4.1509858836419786E+00  -1.9951295428567997E+00
      1313         1         1        11
   2.8564518884729191E+00   3.6459420762450518E+00  -2.0649658382755072E+00
      1314         1         1        11
   2.8043517154183730E+00   1.9484599719509836E+00  -1.6346578698566500E-01
      1315         1         1        11
   4.4374625697258141E-01   3.7505700614719482E+00  -2.3253072698338855E+00
      1316         1         1        11
   9.8609960621001047E-01   1.7764130246558532E+00   9.9329254494970598E-02
      1317         1         1        11
  -5.6293496442844759E-01   2.6863469658969525E+00   6.6273792987167179E-01
      1318         1         1        11
  -7.0182040825631820E-01   3.0232807588260622E+00   2.1343580290376521E-01
      1319         1         1        11
   6.9785559669015162E-01   5.1016524905862095E+00   1.9742546952232157E-01
      1320         1         1        11
   6.0985475001377532E-01   6.1326717757084133E+00  -4.9514521818177282E-01
      1321         1         1        11
   9.3251249672601255E-01   6.3494309438367251E+00  -9.9815275478840421E-02
      1322         1         1        11
   2.8892442855864040E+00   3.1733627896943926E+00  -1.9425008093157614E+00
      1323         1         1        11
   9.7873424614091564E-01   4.8823311456086831E+00  -2.1965360724652512E+00
      1324         1         1        11
   1.4456542932412781E+00   4.8769447213841257E+00  -2.3621291673813709E+00
      1325         1         1        11
   1.1220388016928544E+00   5.0934566353330055E+00  -2.1759155764026885E+00
      1326         1         1        11
   4.3801503814481529E-01   6.2574277689221889E+00   7.9703459339098698E-02
      1327         1         1        11
   1.3044871619565328E+00   2.0091070495191188E+00   1.5696620065977276E+00
      1328         1         1        11
   1.0235996062100106E+00   1.7764130246558532E+00   9.4329254494970594E-02
      1329         1         1        11
   1.0610996062100104E+00   1.7764130246558532E+00   9.4329254494970594E-02
      1330         1         1        11
   3.1780838926731703E-01   5.1566246321735143E+00   1.8428094916446023E+00
      1331         1         1        11
   3.8089577727344479E+00   4.8856256011774484E+00  -1.8331102340663591E-01
      1332         1         1        11
   2.5403368524901291E+00   2.8140033398407271E+00  -1.9641022945225526E+00
      1333         1         1        11
  -8.5584183821682669E-01   3.2899660233497796E+00  -2.3004478651604082E-01
      1334         1         1        11
   3.0565195997481576E+00   4.5400506774670006E+00  -1.8013674771699919E+00
      1335         1         1        11
   3.2241068449400432E+00   4.9176476212835869E+00  -1.5159510555694955E+00
      1336         1         1        11
  -2.3524974541581101E-01   3.7217438392767015E+00   1.5386696659141696E+00
      1337         1         1        11
  -4.7195280747284463E-02   3.7863879829851648E+00   1.9750470554645654E+00
      1338         1         1        11
   3.6357912732267774E+00   5.2676155372172975E+00   5.2976157438128363E-02
      1339         1         1        11
  -6.6642850209056692E-01   3.0302128091512444E+00  -6.6295622639535867E-01
      1340         1         1        11
   2.1796229949952437E+00   1.8214630281503197E+00   1.2200995508517924E+00
      1341         1         1        11
   2.5695367060619807E+00   3.7109526208923578E+00   1.0089782919030761E+00
      1342         1         1        11
   9.9497070943923172E-01   6.3548514349571237E+00   2.5951703437344131E-01
      1343         1         1        11
   5.0047325085803440E-01   6.2628482600425874E+00   4.3903576919138043E-01
      1344         1         1        11
   2.7800802077402542E+00   1.9196363617008498E+00   2.8893160810967455E-01
      1345         1         1        11
   2.7153227286015458E+00   3.8925862195747416E+00  -2.0893667469494153E+00
      1346         1         1        11
   2.6625140375613343E+00   3.3875424121778144E+00  -2.1592030423681225E+00
      1347         1         1        11
   2.1543109725431506E+00   3.8498495008944689E+00   1.1697935777265038E+00
      1348         1         1        11
   1.1923530552713490E+00   5.1936556655007458E+00   1.7906734704382449E-02
      1349         1         1        11
   2.6612030577483665E+00   4.5066710763415774E+00  -2.0938590902645595E+00
      1350         1         1        11
   2.2295465714338318E+00   4.6912483004906829E+00  -2.2835843292784710E+00
      1351         1         1        11
   8.5835467496313200E-01   2.3218521900989977E+00  -1.6303310232717170E+00
      1352         1         1        11
   2.3607588973798856E+00   3.8502588578077663E+00   2.3215867282064027E+00
      1353         1         1        11
   1.7910384916583553E+00   4.6400735287813113E+00  -2.4270781020583971E+00
      1354         1         1        11
   3.4323382856967637E+00   5.3949595632809544E+00  -5.3912877025169248E-01
      1355         1         1        11
   1.2638392075707383E-02   5.0453197435946491E+00   1.6811800759159534E+00
      1356         1         1        11
   2.4206044802219653E+00   1.8635539846760631E+00   7.1940317472767423E-01
      1357         1         1        11
   2.3670338222540754E-01   4.7908777552853596E+00   1.9721058865473839E+00
      1358         1         1        11
   2.9371354879406969E-01   4.3705698186588764E+00   2.1958460314141153E+00
      1359         1         1        11
   1.1300074791834900E+00   2.6957227073015666E+00   6.3207874277985399E-01
      1360         1         1        11
   3.1697686236506808E+00   2.2508216167614457E+00   1.2400472664830245E-01
      1361         1         1        11
   1.1124999999999998E+00   4.5000000000000000E+00   1.0000000000000000E-02
      1362         1         1        11
   1.1713582005782879E+00   4.9307075076227740E+00   5.0748380836926288E-01
      1363         1         1        11
   1.2088582005782880E+00   4.9307075076227740E+00   5.0748380836926288E-01
      1364         1         1        11
   1.2673530552713488E+00   5.1936556655007458E+00   2.2906734704382450E-02
      1365         1         1        11
   1.2298530552713489E+00   5.1936556655007458E+00   2.2906734704382450E-02
      1366         1         1        11
   1.6851758498426666E+00   1.8493709595357086E+00   1.4414017793781375E+00
      1367         1         1        11
   1.1923530552713490E+00   5.1936556655007458E+00   2.2906734704382450E-02
      1368         1         1        11
  -2.9470625735167966E-01   2.4333164007291730E+00   8.8923838992469850E-01
      1369         1         1        11
   1.1768328693495722E-01   4.4389041566451688E+00   1.9565785018180359E+00
      1370         1         1        11
   1.7469345350361937E-01   4.0185962200186855E+00   2.1803186466847668E+00
      1371         1         1        11
  -5.9143381282917340E-01   5.2094557027079551E+00   3.7061184272922637E-01
      1372         1         1        11
  -2.6490363324952443E-01   5.6947702031161480E+00   4.5889740494638931E-01
      1373         1         1        11
   9.0719530855911168E-01   4.9768964973724330E+00  -3.7742320799854995E-01
      1374         1         1        11
   1.2298530552713489E+00   5.1936556655007458E+00   1.7906734704382449E-02
      1375         1         1        11
  -9.0998126080430286E-02   4.2144417335842723E+00   1.9187185521022492E+00
      1376         1         1        11
   9.4469530855911166E-01   4.9768964973724330E+00  -3.7742320799854995E-01
      1377         1         1        11
   1.2673530552713488E+00   5.1936556655007458E+00   1.7906734704382449E-02
      1378         1         1        11
   3.6448909744992264E+00   5.2238333303112467E+00  -2.7006420231919998E-01
      1379         1         1        11
   1.6702460352492894E+00   2.5759866989145550E+00  -2.0382423053311394E+00
      1380         1         1        11
   2.1411402616517989E+00   2.8463215641596182E+00  -2.1095855318864585E+00
      1381         1         1        11
   2.4508593317514840E+00   3.5010233839243217E+00   2.2446437276855917E+00
      1382         1         1        11
  -2.9765522666469435E-01   2.2849833248968654E+00   5.4804081883375899E-01
      1383         1         1        11
   1.1300074791834900E+00   3.1957227073015666E+00   6.3207874277985399E-01
      1384         1         1        11
   1.0925074791834901E+00   2.6957227073015666E+00   6.3207874277985399E-01
      1385         1         1        11
   1.1124999999999998E+00   3.0000000000000000E+00   1.0000000000000000E-02
      1386         1         1        11
   1.1124999999999998E+00   3.5000000000000000E+00   1.0000000000000000E-02
      1387         1         1        11
   1.1124999999999998E+00   2.5000000000000000E+00   5.0000000000000001E-03
      1388         1         1        11
   3.8031355181340509E+00   3.3242044530358852E+00   5.8587472631750281E-01
      1389         1         1        11
   3.6947303538517904E+00   2.9690326221937573E+00   1.9748973455534660E-01
      1390         1         1        11
   7.3793189027874961E-02   6.0596517915297348E+00   3.6098767919062674E-01
      1391         1         1        11
   2.5812746881572384E+00   5.6043268602689231E+00   1.5784473212141386E+00
      1392         1         1        11
   1.1124999999999998E+00   4.5000000000000000E+00   5.0000000000000001E-03
      1393         1         1        11
   1.3503165664747110E+00   6.4405877844915134E+00   4.4804984903923636E-02
      1394         1         1        11
   3.4590965148222308E+00   5.3017745309773332E+00  -7.2999143400039324E-01
      1395         1         1        11
   3.5013465643281698E+00   2.5571176653009742E+00  -9.9271966487609359E-02
      1396         1         1        11
   3.2021279859282883E+00   5.2747830596780618E+00  -1.3203361113376157E+00
      1397         1         1        11
   4.7961451446984427E-01   2.5949440005829696E+00   2.8120707856009147E-01
      1398         1         1        11
   1.1124999999999998E+00   3.5000000000000000E+00   5.0000000000000001E-03
      1399         1         1        11
   1.1124999999999998E+00   3.0000000000000000E+00   5.0000000000000001E-03
      1400         1         1        11
   1.1124999999999998E+00   3.0000000000000000E+00   0.0000000000000000E+00
      1401         1         1        11
   1.1124999999999998E+00   4.0000000000000000E+00   1.0000000000000000E-02
      1402         1         1        11
   1.3288797836317015E+00   2.6256072109999886E+00  -7.8009712015776567E-01
      1403         1         1        11
   1.4493669288896973E+00   1.9485102741891380E+00  -7.3529406403649966E-01
      1404         1         1        11
   1.1078380180664431E+00   4.6686053032790173E+00  -1.0370894404485198E+00
      1405         1         1        11
   2.1705492661943033E+00   3.1275614002489522E+00   3.6644758193762211E-01
      1406         1         1        11
   8.9203177423448476E-01   1.9907823036239916E+00   7.1772412302613553E-01
      1407         1         1        11
   9.2953177423448463E-01   1.9907823036239916E+00   7.1772412302613553E-01
      1408         1         1        11
   1.9972116109165072E+00   4.2500000000000000E+00  -1.9251687851053828E-01
      1409         1         1        11
   1.3288797836317015E+00   3.1256072109999886E+00  -7.8009712015776567E-01
      1410         1         1        11
   1.2764948561702860E+00   3.8210377660980455E+00   7.4661422996728899E-01
      1411         1         1        11
   1.2764948561702860E+00   4.3210377660980459E+00   7.4661422996728899E-01
      1412         1         1        11
   1.2913797836317016E+00   3.1256072109999886E+00  -7.8009712015776567E-01
      1413         1         1        11
   1.1338582005782880E+00   4.9307075076227740E+00   5.0748380836926288E-01
      1414         1         1        11
   1.3139948561702859E+00   4.3210377660980459E+00   7.4661422996728899E-01
      1415         1         1        11
   1.1124999999999998E+00   4.0000000000000000E+00   5.0000000000000001E-03
      1416         1         1        11
   1.2381427095073314E+00   4.1917088059065843E+00  -6.5966623244996991E-01
      1417         1         1        11
   1.3139948561702859E+00   3.8210377660980455E+00   7.4661422996728899E-01
      1418         1         1        11
   1.2913797836317016E+00   2.6256072109999886E+00  -7.8009712015776567E-01
      1419         1         1        11
   1.2538797836317017E+00   3.1256072109999886E+00  -7.8009712015776567E-01
      1420         1         1        11
   4.9666284388477000E-01   1.9557356080680957E+00   8.5806835353342048E-02
      1421         1         1        11
   9.8609960621001047E-01   1.7764130246558532E+00   9.4329254494970594E-02
    -1
    -1
  2412
       776        22         2         1         7         3
         0         1         1
         2        28        19
       777        22         2         1         7         3
         0         1         1
        19        29        20
       778        22         2         1         7         3
         0         1         1
        20        30        21
       779        22         2         1         7         3
         0         1         1
        21        31        22
       780        22         2         1         7         3
         0         1         1
        22        32        23
       781        22         2         1         7         3
         0         1         1
        23        33        24
       782        22         2         1         7         3
         0         1         1
        24        34        25
       783        22         2         1         7         3
         0         1         1
        25        35        26
       784        22         2         1         7         3
         0         1         1
        26        36        27
       785        22         2         1         7         3
         0         1         1
        27        37         1
       786        22         2         1         7         3
         0         1         1
         4        38         3
       787        22         2         1         7         3
         0         1         1
         3        40        39
       788        22         2         1         7         3
         0         1         1
        39        41         5
       789        22         2         1         7         3
         0         1         1
         6        42         5
       790        22         2         1         7         3
         0         1         1
         4        44        43
       791        22         2         1         7         3
         0         1         1
        43        45         6
       792        22         2         1         7         3
         0         1         1
         4        46         7
       793        22         2         1         7         3
         0         1         1
         7        47         8
       794        22         2         1         7         3
         0         1         1
         3        48         8
       795        22         2         1         7         3
         0         1         1
         5        49         9
       796        22         2         1         7         3
         0         1         1
         8        51        50
       797        22         2         1         7         3
         0         1         1
        50        52         9
       798        22         2         1         7         3
         0         1         1
         6        53        10
       799        22         2         1         7         3
         0         1         1
        10        54         9
       800        22         2         1         7         3
         0         1         1
         7        56        55
       801        22         2         1         7         3
         0         1         1
        55        57        10
       802        22         2         1         7         3
         0         1         1
        12        58        11
       803        22         2         1         7         3
         0         1         1
        11        60        59
       804        22         2         1         7         3
         0         1         1
        59        61        13
       805        22         2         1         7         3
         0         1         1
        14        62        13
       806        22         2         1         7         3
         0         1         1
        12        64        63
       807        22         2         1         7         3
         0         1         1
        63        65        14
       808        22         2         1         7         3
         0         1         1
        12        66        15
       809        22         2         1         7         3
         0         1         1
        15        67        16
       810        22         2         1         7         3
         0         1         1
        11        68        16
       811        22         2         1         7         3
         0         1         1
        13        69        17
       812        22         2         1         7         3
         0         1         1
        16        71        70
       813        22         2         1         7         3
         0         1         1
        70        72        17
       814        22         2         1         7         3
         0         1         1
        14        73        18
       815        22         2         1         7         3
         0         1         1
        18        74        17
       816        22         2         1         7         3
         0         1         1
        15        76        75
       817        22         2         1         7         3
         0         1         1
        75        77        18
         1        42         2         1         7         6
        10       742         5        42         6        53
         2        42         2         1         7         6
         9        49         5       742        10        54
       818        42         2         1         7         6
       198       238        27        37         1       239
       819        42         2         1         7         6
       222       240         1        37        27       241
       820        42         2         1         7         6
       175       242       198       239         1       243
       821        42         2         1         7         6
         1       244       237       245       175       243
       822        42         2         1         7         6
         1       240       222       246       234       247
       823        42         2         1         7         6
       237       244         1       247       234       248
       824        42         2         1         7         6
       109       249        19        28         2       250
       825        42         2         1         7         6
       235       251         2        28        19       252
       826        42         2         1         7         6
         2       253        83       254       127       255
       827        42         2         1         7         6
         2       251       235       256        83       253
       828        42         2         1         7         6
       127       257       109       250         2       255
       829        42         2         1         7         6
        20        29        19       258       191       259
       830        42         2         1         7         6
        20       260       212       261        19        29
       831        42         2         1         7         6
        19       249       109       262       191       258
       832        42         2         1         7         6
       212       263       227       264        19       261
       833        42         2         1         7         6
       227       265       235       252        19       264
       834        42         2         1         7         6
       155       266        21        30        20       267
       835        42         2         1         7         6
       220       268        20        30        21       269
       836        42         2         1         7         6
        20       259       191       270       155       267
       837        42         2         1         7         6
       212       260        20       268       220       271
       838        42         2         1         7         6
        85       272        21        31        22       273
       839        42         2         1         7         6
       213       274        22        31        21       275
       840        42         2         1         7         6
        21       272        85       276       220       269
       841        42         2         1         7         6
       155       277       213       275        21       266
       842        42         2         1         7         6
        23       278       138       279        22        32
       843        42         2         1         7         6
        22       280       185       281        23        32
       844        42         2         1         7         6
        22       279       138       282        85       273
       845        42         2         1         7         6
        22       274       213       283       185       280
       846        42         2         1         7         6
       112       284        23        33        24       285
       847        42         2         1         7         6
        23       286       184       287        24        33
       848        42         2         1         7         6
        23       284       112       288       138       278
       849        42         2         1         7         6
       184       286        23       281       185       289
       850        42         2         1         7         6
       111       290        24        34        25       291
       851        42         2         1         7         6
        24       292       210       293        25        34
       852        42         2         1         7         6
       111       294       112       285        24       290
       853        42         2         1         7         6
       184       295       210       292        24       287
       854        42         2         1         7         6
        98       296        26        35        25       297
       855        42         2         1         7         6
        26       298       135       299        25        35
       856        42         2         1         7         6
        25       293       210       300        98       297
       857        42         2         1         7         6
       135       301       111       291        25       299
       858        42         2         1         7         6
       204       302        26        36        27       303
       859        42         2         1         7         6
       223       304        27        36        26       305
       860        42         2         1         7         6
        98       306        96       307        26       296
       861        42         2         1         7         6
       223       305        26       307        96       308
       862        42         2         1         7         6
       204       309       135       298        26       302
       863        42         2         1         7         6
       198       310       204       303        27       238
       864        42         2         1         7         6
       222       241        27       304       223       311
       865        42         2         1         7         6
        78       312        80       313        79       314
       866        42         2         1         7         6
        79       315       223       316        78       314
       867        42         2         1         7         6
       141       317        80       312        78       318
       868        42         2         1         7         6
        78       319        96       320        99       321
       869        42         2         1         7         6
        96       319        78       316       223       308
       870        42         2         1         7         6
        99       322       141       318        78       321
       871        42         2         1         7         6
        79       313        80       323        81       324
       872        42         2         1         7         6
       234       325        79       324        81       326
       873        42         2         1         7         6
       223       315        79       327       222       311
       874        42         2         1         7         6
       234       246       222       327        79       325
       875        42         2         1         7         6
        80       328       201       329        81       323
       876        42         2         1         7         6
       141       330       115       331        80       317
       877        42         2         1         7         6
       115       332       201       328        80       331
       878        42         2         1         7         6
       195       333        81       334       196       335
       879        42         2         1         7         6
       224       336        81       333       195       337
       880        42         2         1         7         6
       196       334        81       329       201       338
       881        42         2         1         7         6
        81       336       224       339       234       326
       882        42         2         1         7         6
        82       340        84       341        83       342
       883        42         2         1         7         6
       235       343        82       342        83       256
       884        42         2         1         7         6
        84       340        82       344       188       345
       885        42         2         1         7         6
       189       346       188       344        82       347
       886        42         2         1         7         6
       227       348       189       347        82       349
       887        42         2         1         7         6
       227       349        82       343       235       265
       888        42         2         1         7         6
        83       341        84       350        88       351
       889        42         2         1         7         6
        88       352       127       254        83       351
       890        42         2         1         7         6
       152       353        88       350        84       354
       891        42         2         1         7         6
       152       354        84       355       187       356
       892        42         2         1         7         6
       188       357       187       355        84       345
       893        42         2         1         7         6
        85       358        87       359        86       360
       894        42         2         1         7         6
        85       360        86       361       220       276
       895        42         2         1         7         6
        85       282       138       362        87       358
       896        42         2         1         7         6
        86       359        87       363       211       364
       897        42         2         1         7         6
        86       364       211       365       221       366
       898        42         2         1         7         6
       219       367       220       361        86       368
       899        42         2         1         7         6
        86       366       221       369       219       368
       900        42         2         1         7         6
        87       370       126       371       125       372
       901        42         2         1         7         6
       211       363        87       372       125       373
       902        42         2         1         7         6
       138       374       126       370        87       362
       903        42         2         1         7         6
        88       375       193       376       127       352
       904        42         2         1         7         6
       152       377       194       378        88       353
       905        42         2         1         7         6
       194       379       193       375        88       378
       906        42         2         1         7         6
        89       380        91       381        90       382
       907        42         2         1         7         6
       106       383        89       382        90       384
       908        42         2         1         7         6
        91       380        89       385       110       386
       909        42         2         1         7         6
       131       387        89       383       106       388
       910        42         2         1         7         6
       180       389       110       385        89       390
       911        42         2         1         7         6
       131       391       133       392        89       387
       912        42         2         1         7         6
       180       390        89       392       133       393
       913        42         2         1         7         6
        90       381        91       394       136       395
       914        42         2         1         7         6
        90       396       177       397       106       384
       915        42         2         1         7         6
        90       395       136       398       178       399
       916        42         2         1         7         6
       177       396        90       399       178       400
       917        42         2         1         7         6
       137       401        91       386       110       402
       918        42         2         1         7         6
       136       394        91       401       137       403
       919        42         2         1         7         6
        92       404        94       405        93       406
       920        42         2         1         7         6
        92       406        93       407        95       408
       921        42         2         1         7         6
       101       409        94       404        92       410
       922        42         2         1         7         6
       228       411        92       408        95       412
       923        42         2         1         7         6
        92       413       231       414       101       410
       924        42         2         1         7         6
        92       411       228       415       231       413
       925        42         2         1         7         6
        93       405        94       416       200       417
       926        42         2         1         7         6
        93       418       146       419        95       407
       927        42         2         1         7         6
       146       418        93       420       102       421
       928        42         2         1         7         6
        93       417       200       422       102       420
       929        42         2         1         7         6
       100       423        94       409       101       424
       930        42         2         1         7         6
       199       425        94       423       100       426
       931        42         2         1         7         6
       199       427       200       416        94       425
       932        42         2         1         7         6
       123       428       124       429        95       430
       933        42         2         1         7         6
       123       430        95       419       146       431
       934        42         2         1         7         6
       124       432       228       412        95       429
       935        42         2         1         7         6
        96       306        98       433        97       434
       936        42         2         1         7         6
        96       434        97       435        99       320
       937        42         2         1         7         6
       210       436        97       433        98       300
       938        42         2         1         7         6
        99       435        97       437       140       438
       939        42         2         1         7         6
       140       437        97       439       209       440
       940        42         2         1         7         6
        97       436       210       441       209       439
       941        42         2         1         7         6
        99       438       140       442       141       322
       942        42         2         1         7         6
       209       443       100       424       101       444
       943        42         2         1         7         6
       185       445       100       446       184       289
       944        42         2         1         7         6
       184       446       100       443       209       447
       945        42         2         1         7         6
       199       426       100       445       185       448
       946        42         2         1         7         6
       140       440       209       444       101       449
       947        42         2         1         7         6
       101       414       231       450       140       449
       948        42         2         1         7         6
       102       451       104       452       103       453
       949        42         2         1         7         6
       102       453       103       454       105       455
       950        42         2         1         7         6
       200       456       104       451       102       422
       951        42         2         1         7         6
       102       455       105       457       143       458
       952        42         2         1         7         6
       143       459       146       421       102       458
       953        42         2         1         7         6
       155       460       103       452       104       461
       954        42         2         1         7         6
       107       462       105       454       103       463
       955        42         2         1         7         6
       103       464       191       465       107       463
       956        42         2         1         7         6
       155       270       191       464       103       460
       957        42         2         1         7         6
       213       277       155       461       104       466
       958        42         2         1         7         6
       200       467       213       466       104       456
       959        42         2         1         7         6
       107       468       154       469       105       462
       960        42         2         1         7         6
       105       469       154       470       143       457
       961        42         2         1         7         6
       106       471       156       472       131       388
       962        42         2         1         7         6
       177       473       156       471       106       397
       963        42         2         1         7         6
       107       474       109       475       108       476
       964        42         2         1         7         6
       107       476       108       477       154       468
       965        42         2         1         7         6
       107       465       191       262       109       474
       966        42         2         1         7         6
       108       475       109       257       127       478
       967        42         2         1         7         6
       193       479       108       478       127       376
       968        42         2         1         7         6
       154       477       108       480       236       481
       969        42         2         1         7         6
       236       480       108       479       193       482
       970        42         2         1         7         6
       137       402       110       483       233       484
       971        42         2         1         7         6
       180       485       181       486       110       389
       972        42         2         1         7         6
       233       483       110       486       181       487
       973        42         2         1         7         6
       111       488       113       489       112       294
       974        42         2         1         7         6
       111       490       203       491       113       488
       975        42         2         1         7         6
       203       490       111       301       135       492
       976        42         2         1         7         6
       112       489       113       493       122       494
       977        42         2         1         7         6
       126       495       112       494       122       496
       978        42         2         1         7         6
       112       495       126       374       138       288
       979        42         2         1         7         6
       122       493       113       497       162       498
       980        42         2         1         7         6
       113       491       203       499       162       497
       981        42         2         1         7         6
       114       500       116       501       115       502
       982        42         2         1         7         6
       115       330       141       503       114       502
       983        42         2         1         7         6
       116       500       114       504       228       505
       984        42         2         1         7         6
       141       442       140       506       114       503
       985        42         2         1         7         6
       140       450       231       507       114       506
       986        42         2         1         7         6
       231       415       228       504       114       507
       987        42         2         1         7         6
       115       501       116       508       117       509
       988        42         2         1         7         6
       115       509       117       510       201       332
       989        42         2         1         7         6
       117       508       116       511       167       512
       990        42         2         1         7         6
       167       511       116       513       124       514
       991        42         2         1         7         6
       116       505       228       432       124       513
       992        42         2         1         7         6
       119       515       117       512       167       516
       993        42         2         1         7         6
       216       517       117       515       119       518
       994        42         2         1         7         6
       117       519       214       520       201       510
       995        42         2         1         7         6
       117       517       216       521       214       519
       996        42         2         1         7         6
       118       522       120       523       119       524
       997        42         2         1         7         6
       119       516       167       525       118       524
       998        42         2         1         7         6
       192       526       120       522       118       527
       999        42         2         1         7         6
       124       428       123       528       118       529
      1000        42         2         1         7         6
       123       530       192       527       118       528
      1001        42         2         1         7         6
       124       529       118       525       167       514
      1002        42         2         1         7         6
       119       523       120       531       121       532
      1003        42         2         1         7         6
       218       533       119       532       121       534
      1004        42         2         1         7         6
       119       533       218       535       216       518
      1005        42         2         1         7         6
       120       536       158       537       121       531
      1006        42         2         1         7         6
       171       538       158       536       120       539
      1007        42         2         1         7         6
       120       526       192       540       171       539
      1008        42         2         1         7         6
       158       541       208       542       121       537
      1009        42         2         1         7         6
       218       534       121       542       208       543
      1010        42         2         1         7         6
       126       496       122       544       128       545
      1011        42         2         1         7         6
       162       546       128       544       122       498
      1012        42         2         1         7         6
       146       547       144       548       123       431
      1013        42         2         1         7         6
       192       530       123       548       144       549
      1014        42         2         1         7         6
       125       371       126       545       128       550
      1015        42         2         1         7         6
       125       550       128       551       129       552
      1016        42         2         1         7         6
       182       553       125       552       129       554
      1017        42         2         1         7         6
       182       555       211       373       125       553
      1018        42         2         1         7         6
       129       551       128       556       230       557
      1019        42         2         1         7         6
       232       558       128       546       162       559
      1020        42         2         1         7         6
       230       556       128       558       232       560
      1021        42         2         1         7         6
       182       554       129       561       181       562
      1022        42         2         1         7         6
       129       563       233       487       181       561
      1023        42         2         1         7         6
       129       557       230       564       233       563
      1024        42         2         1         7         6
       130       565       132       566       131       567
      1025        42         2         1         7         6
       131       568       157       569       130       567
      1026        42         2         1         7         6
       142       570       132       565       130       571
      1027        42         2         1         7         6
       142       571       130       572       151       573
      1028        42         2         1         7         6
       130       574       169       575       151       572
      1029        42         2         1         7         6
       169       574       130       569       157       576
      1030        42         2         1         7         6
       131       566       132       577       133       391
      1031        42         2         1         7         6
       131       472       156       578       157       568
      1032        42         2         1         7         6
       134       579       133       577       132       580
      1033        42         2         1         7         6
       134       580       132       570       142       581
      1034        42         2         1         7         6
       134       582       139       583       133       579
      1035        42         2         1         7         6
       133       583       139       584       180       393
      1036        42         2         1         7         6
       139       582       134       585       186       586
      1037        42         2         1         7         6
       142       587       187       588       134       581
      1038        42         2         1         7         6
       186       585       134       589       188       590
      1039        42         2         1         7         6
       187       357       188       589       134       588
      1040        42         2         1         7         6
       135       591       205       592       203       492
      1041        42         2         1         7         6
       205       591       135       309       204       593
      1042        42         2         1         7         6
       174       594       136       403       137       595
      1043        42         2         1         7         6
       174       596       172       597       136       594
      1044        42         2         1         7         6
       178       398       136       597       172       598
      1045        42         2         1         7         6
       137       599       232       600       174       595
      1046        42         2         1         7         6
       137       601       230       560       232       599
      1047        42         2         1         7         6
       230       601       137       484       233       564
      1048        42         2         1         7         6
       139       602       181       485       180       584
      1049        42         2         1         7         6
       181       602       139       603       183       604
      1050        42         2         1         7         6
       139       586       186       605       183       603
      1051        42         2         1         7         6
       142       573       151       606       152       607
      1052        42         2         1         7         6
       152       356       187       587       142       607
      1053        42         2         1         7         6
       143       608       145       609       144       610
      1054        42         2         1         7         6
       144       547       146       459       143       610
      1055        42         2         1         7         6
       145       608       143       470       154       611
      1056        42         2         1         7         6
       144       609       145       612       207       613
      1057        42         2         1         7         6
       144       613       207       614       192       549
      1058        42         2         1         7         6
       236       615       145       611       154       481
      1059        42         2         1         7         6
       207       612       145       615       236       616
      1060        42         2         1         7         6
       147       617       149       618       148       619
      1061        42         2         1         7         6
       176       620       147       619       148       621
      1062        42         2         1         7         6
       147       622       150       623       149       617
      1063        42         2         1         7         6
       225       624       150       622       147       625
      1064        42         2         1         7         6
       147       620       176       626       175       627
      1065        42         2         1         7         6
       224       628       147       627       175       629
      1066        42         2         1         7         6
       225       625       147       628       224       630
      1067        42         2         1         7         6
       178       631       148       618       149       632
      1068        42         2         1         7         6
       173       633       148       634       172       635
      1069        42         2         1         7         6
       172       634       148       631       178       598
      1070        42         2         1         7         6
       173       636       176       621       148       633
      1071        42         2         1         7         6
       163       637       149       623       150       638
      1072        42         2         1         7         6
       149       637       163       639       156       640
      1073        42         2         1         7         6
       177       641       149       640       156       473
      1074        42         2         1         7         6
       177       400       178       632       149       641
      1075        42         2         1         7         6
       163       638       150       642       197       643
      1076        42         2         1         7         6
       197       642       150       624       225       644
      1077        42         2         1         7         6
       151       645       153       646       152       606
      1078        42         2         1         7         6
       153       645       151       647       161       648
      1079        42         2         1         7         6
       161       647       151       575       169       649
      1080        42         2         1         7         6
       194       377       152       646       153       650
      1081        42         2         1         7         6
       153       648       161       651       160       652
      1082        42         2         1         7         6
       229       653       153       652       160       654
      1083        42         2         1         7         6
       229       655       194       650       153       653
      1084        42         2         1         7         6
       156       656       164       657       157       578
      1085        42         2         1         7         6
       163       658       164       656       156       639
      1086        42         2         1         7         6
       164       659       165       660       157       657
      1087        42         2         1         7         6
       165       661       202       662       157       660
      1088        42         2         1         7         6
       202       663       169       576       157       662
      1089        42         2         1         7         6
       158       664       160       665       159       666
      1090        42         2         1         7         6
       158       666       159       667       208       541
      1091        42         2         1         7         6
       160       664       158       668       170       669
      1092        42         2         1         7         6
       158       538       171       670       170       668
      1093        42         2         1         7         6
       161       671       159       665       160       651
      1094        42         2         1         7         6
       202       672       159       671       161       673
      1095        42         2         1         7         6
       202       674       208       667       159       672
      1096        42         2         1         7         6
       170       675       229       654       160       669
      1097        42         2         1         7         6
       169       663       202       673       161       649
      1098        42         2         1         7         6
       162       499       203       676       226       677
      1099        42         2         1         7         6
       232       559       162       677       226       678
      1100        42         2         1         7         6
       163       679       165       659       164       658
      1101        42         2         1         7         6
       163       680       166       681       165       679
      1102        42         2         1         7         6
       166       680       163       643       197       682
      1103        42         2         1         7         6
       166       683       168       684       165       681
      1104        42         2         1         7         6
       208       685       165       684       168       686
      1105        42         2         1         7         6
       165       685       208       674       202       661
      1106        42         2         1         7         6
       168       683       166       687       217       688
      1107        42         2         1         7         6
       217       687       166       682       197       689
      1108        42         2         1         7         6
       168       690       218       543       208       686
      1109        42         2         1         7         6
       217       691       218       690       168       688
      1110        42         2         1         7         6
       207       692       170       670       171       693
      1111        42         2         1         7         6
       170       692       207       616       236       694
      1112        42         2         1         7         6
       229       675       170       694       236       695
      1113        42         2         1         7         6
       192       614       207       693       171       540
      1114        42         2         1         7         6
       172       596       174       696       173       635
      1115        42         2         1         7         6
       179       697       173       696       174       698
      1116        42         2         1         7         6
       198       699       176       636       173       700
      1117        42         2         1         7         6
       173       697       179       701       206       702
      1118        42         2         1         7         6
       206       703       198       700       173       702
      1119        42         2         1         7         6
       179       698       174       600       232       704
      1120        42         2         1         7         6
       176       699       198       242       175       626
      1121        42         2         1         7         6
       237       705       224       629       175       245
      1122        42         2         1         7         6
       179       706       205       707       206       701
      1123        42         2         1         7         6
       179       708       226       709       205       706
      1124        42         2         1         7         6
       179       704       232       678       226       708
      1125        42         2         1         7         6
       182       562       181       604       183       710
      1126        42         2         1         7         6
       182       710       183       711       221       712
      1127        42         2         1         7         6
       211       555       182       712       221       365
      1128        42         2         1         7         6
       186       713       190       714       183       605
      1129        42         2         1         7         6
       190       715       221       711       183       714
      1130        42         2         1         7         6
       209       441       210       295       184       447
      1131        42         2         1         7         6
       199       448       185       283       213       716
      1132        42         2         1         7         6
       188       717       190       713       186       590
      1133        42         2         1         7         6
       189       718       190       717       188       346
      1134        42         2         1         7         6
       190       718       189       719       219       720
      1135        42         2         1         7         6
       227       721       219       719       189       348
      1136        42         2         1         7         6
       221       715       190       720       219       369
      1137        42         2         1         7         6
       193       379       194       655       229       722
      1138        42         2         1         7         6
       193       722       229       695       236       482
      1139        42         2         1         7         6
       195       335       196       723       215       724
      1140        42         2         1         7         6
       197       725       195       724       215       726
      1141        42         2         1         7         6
       195       725       197       644       225       727
      1142        42         2         1         7         6
       195       727       225       630       224       337
      1143        42         2         1         7         6
       214       728       196       338       201       520
      1144        42         2         1         7         6
       214       729       215       723       196       728
      1145        42         2         1         7         6
       217       689       197       726       215       730
      1146        42         2         1         7         6
       204       310       198       703       206       731
      1147        42         2         1         7         6
       213       467       200       427       199       716
      1148        42         2         1         7         6
       226       676       203       592       205       709
      1149        42         2         1         7         6
       204       731       206       707       205       593
      1150        42         2         1         7         6
       212       271       220       732       227       263
      1151        42         2         1         7         6
       214       733       217       730       215       729
      1152        42         2         1         7         6
       214       521       216       734       217       733
      1153        42         2         1         7         6
       216       535       218       691       217       734
      1154        42         2         1         7         6
       227       732       220       367       219       721
      1155        42         2         1         7         6
       224       705       237       248       234       339
      1156        42         2         1         7         6
        39        40         3        38         4       735
      1157        42         2         1         7         6
         4        44        43       736        39       735
      1158        42         2         1         7         6
        39       737         6        42         5        41
      1159        42         2         1         7         6
        39       736        43        45         6       737
      1160        42         2         1         7         6
         7        46         4        38         3       738
      1161        42         2         1         7         6
         8        47         7       738         3        48
      1162        42         2         1         7         6
        39       739         8        48         3        40
      1163        42         2         1         7         6
         9       740        39        41         5        49
      1164        42         2         1         7         6
        50        51         8       739        39       741
      1165        42         2         1         7         6
         9        52        50       741        39       740
      1166        42         2         1         7         6
        43        44         4        46         7       743
      1167        42         2         1         7         6
        10        53         6        45        43       744
      1168        42         2         1         7         6
         7        56        55       745        43       743
      1169        42         2         1         7         6
        43       745        55        57        10       744
      1170        42         2         1         7         6
         8       746        55        56         7        47
      1171        42         2         1         7         6
        50       747        55       746         8        51
      1172        42         2         1         7         6
        55       748         9        54        10        57
      1173        42         2         1         7         6
        50        52         9       748        55       747
      1174        42         2         1         7         6
        59        60        11        58        12       749
      1175        42         2         1         7         6
        59       749        12        64        63       750
      1176        42         2         1         7         6
        63        65        14        62        13       751
      1177        42         2         1         7         6
        59       750        63       751        13        61
      1178        42         2         1         7         6
        15        66        12        58        11       752
      1179        42         2         1         7         6
        16        67        15       752        11        68
      1180        42         2         1         7         6
        59       753        16        68        11        60
      1181        42         2         1         7         6
        17       754        59        61        13        69
      1182        42         2         1         7         6
        70        71        16       753        59       755
      1183        42         2         1         7         6
        17        72        70       755        59       754
      1184        42         2         1         7         6
        18       756        13        62        14        73
      1185        42         2         1         7         6
        17        69        13       756        18        74
      1186        42         2         1         7         6
        63        64        12        66        15       757
      1187        42         2         1         7         6
        18        73        14        65        63       758
      1188        42         2         1         7         6
        75       759        63       757        15        76
      1189        42         2         1         7         6
        18       758        63       759        75        77
      1190        42         2         1         7         6
        16       760        75        76        15        67
      1191        42         2         1         7         6
        70       761        75       760        16        71
      1192        42         2         1         7         6
        75       762        17        74        18        77
      1193        42         2         1         7         6
        70        72        17       762        75       761
         3       118         2         1         7        10
        18       799       765       800       764       801       802       804
       803       768
         4       118         2         1         7        10
       763       805       774       806        79       807       808       810
       809       789
         5       118         2         1         7        10
       146       418        93       811       767       812       813       815
       814       768
         6       118         2         1         7        10
       770       816       789       808       763       817       818       820
       819       790
         7       118         2         1         7        10
       767       814       768       815        93       811       821       823
       822       796
         8       118         2         1         7        10
        15       824       769       825       183       826       827       829
       828       785
         9       118         2         1         7        10
        43       830       771       831       764       832       833       835
       834       775
        10       118         2         1         7        10
       146       813       768       814       767       812       836       838
       837       784
        11       118         2         1         7        10
       175       839       763       840       176       626       841       843
       842       798
        12       118         2         1         7        10
       764       834       775       835       771       831       844       846
       845       791
        13       118         2         1         7        10
       763       847       772       848       176       840       843       849
       842       798
        14       118         2         1         7        10
        18        77        75       850       764       801       799       851
       800       765
        15       118         2         1         7        10
        79       315       223       311       222       327       807       853
       852       763
        16       118         2         1         7        10
        79       315       223       853       763       807       809       854
       808       789
        17       118         2         1         7        10
        79       807       763       855        81       324       806       805
       856       774
        18       118         2         1         7        10
       165       857       773       858       164       659       859       861
       860       787
        19       118         2         1         7        10
       765       862       769       863       766       864       865       867
       866       793
        20       118         2         1         7        10
       764       800       765       851        75       850       868       862
       869       769
        21       118         2         1         7        10
        80       313        79       806       774       870       871       809
       810       789
        22       118         2         1         7        10
       146       418        93       407        95       419       812       811
       872       767
        23       118         2         1         7        10
       223       854       789       816       770       873       874       820
       818       790
        24       118         2         1         7        10
         4       875       775       876       133       877       878       880
       879       787
        25       118         2         1         7        10
        95       419       146       812       767       872       881       836
       837       784
        26       118         2         1         7        10
       223       853       763       808       789       854       874       819
       820       790
        27       118         2         1         7        10
       139       882         4        46         7       883       884       875
       885       775
        28       118         2         1         7        10
       206       886       772       887       790       888       889       891
       890       797
        29       118         2         1         7        10
       181       604       183       826        15       892       893       825
       824       769
        30       118         2         1         7        10
       176       840       763       894       198       699       848       847
       895       772
        31       118         2         1         7        10
       764       831       771       896       778       897       844       845
       898       791
        32       118         2         1         7        10
       222       246       234       325        79       327       852       899
       807       763
        33       118         2         1         7        10
       133       876       775       900       132       577       879       880
       901       787
        34       118         2         1         7        10
       181       893       769       824        15       892       902       904
       903       782
        35       118         2         1         7        10
       764       803       768       804       765       800       905       907
       906       779
        36       118         2         1         7        10
       765       851        75       869       769       862       865       908
       867       793
        37       118         2         1         7        10
       175       242       198       699       176       626       839       894
       840       763
        38       118         2         1         7        10
       145       909       768       910       778       911       912       914
       913       792
        39       118         2         1         7        10
       145       909       768       915       776       916       911       910
       917       778
        40       118         2         1         7        10
       766       863       769       862       765       864       918       920
       919       794
        41       118         2         1         7        10
        82       343       235       256        83       342       921       923
       922       764
        42       118         2         1         7        10
       165       924       777       925       773       857       859       926
       861       787
        43       118         2         1         7        10
        18       927       767       928       765       799       802       814
       804       768
        44       118         2         1         7        10
       222       852       763       853       223       311       929       819
       874       790
        45       118         2         1         7        10
        80       313        79       324        81       323       870       806
       856       774
        46       118         2         1         7        10
       209       930       767       931       770       932       933       934
       816       789
        47       118         2         1         7        10
       763       894       198       895       772       847       819       935
       887       790
        48       118         2         1         7        10
       144       936       776       915       768       937       938       939
       838       784
        49       118         2         1         7        10
         3       940        90       395       136       941       942       944
       943       772
        50       118         2         1         7        10
       144       937       768       813       146       547       938       838
       836       784
        51       118         2         1         7        10
        81       856       774       805       763       855       945       947
       946       780
        52       118         2         1         7        10
       122       498       162       497       113       493       948       950
       949       766
        53       118         2         1         7        10
        90       381        91       951         3       940       395       394
       941       136
        54       118         2         1         7        10
       765       906       779       952        21       953       954       956
       955       788
        55       118         2         1         7        10
       186       586       139       603       183       605       957       958
       828       785
        56       118         2         1         7        10
        93       815       768       959       102       420       822       823
       960       796
        57       118         2         1         7        10
       121       537       158       961       776       962       963       965
       964       777
        58       118         2         1         7        10
       206       886       772       895       198       703       888       887
       935       790
        59       118         2         1         7        10
         1       243       175       245       237       244       966       841
       967       798
        60       118         2         1         7        10
       209       932       770       931       767       930       968       970
       969       786
        61       118         2         1         7        10
        94       971       767       811        93       405       972       821
       822       796
        62       118         2         1         7        10
        85       973       765       954       788       974       975       919
       976       794
        63       118         2         1         7        10
       122       948       766       949       113       493       977       918
       978       794
        64       118         2         1         7        10
       764       868       769       869        75       850       979       829
       980       785
        65       118         2         1         7        10
       121       963       777       964       776       962       981       983
       982       795
        66       118         2         1         7        10
        83       256       235       251         2       253       922       923
       984       764
        67       118         2         1         7        10
       773       985       781       986       164       858       861       987
       860       787
        68       118         2         1         7        10
        82       343       235       923       764       921       988       990
       989       788
        69       118         2         1         7        10
         3       940        90       944       772       942       991       993
       992       781
        70       118         2         1         7        10
         6       994       777       995       771       996       997       926
       998       787
        71       118         2         1         7        10
       235       923       764       999        19       252      1000      1002
      1001       792
        72       118         2         1         7        10
       771      1003       776       961       158      1004       995       964
       965       777
        73       118         2         1         7        10
       773       925       777      1005        39      1006       861       926
      1007       787
        74       118         2         1         7        10
        83       342        82       921       764       922      1008      1009
       844       791
        75       118         2         1         7        10
       234       326        81       324        79       325       899       855
       807       763
        76       118         2         1         7        10
       127       254        83       253         2       255      1010      1008
      1011       791
        77       118         2         1         7        10
       206       888       790      1012       766      1013       889       890
      1014       797
        78       118         2         1         7        10
        92       408        95       407        93       406      1015       872
       811       767
        79       118         2         1         7        10
       766      1016       782       904       769       863       918      1017
       920       794
        80       118         2         1         7        10
       181       562       182      1018       769       893       902      1019
       904       782
        81       118         2         1         7        10
       771       995       777      1020       202      1021       998       926
      1022       787
        82       118         2         1         7        10
        83       922       764       984         2       253      1008       844
      1011       791
        83       118         2         1         7        10
        43       744        10        57        55       745       832      1024
      1023       764
        84       118         2         1         7        10
       235       252        19       999       764       923       990      1025
       989       788
        85       118         2         1         7        10
       769      1026       788       954       765       862       920       976
       919       794
        86       118         2         1         7        10
        43       736        39       737         6        45      1027      1007
       997       787
        87       118         2         1         7        10
         5        41        39      1006       773      1028      1029      1005
       925       777
        88       118         2         1         7        10
       139       583       133       877         4       882       884       876
       875       775
        89       118         2         1         7        10
       146       421       102       420        93       418       813       959
       815       768
        90       118         2         1         7        10
        85       973       765       953        21       272       974       954
       955       788
        91       118         2         1         7        10
       181       562       182       710       183       604       893      1018
       825       769
        92       118         2         1         7        10
         2       984       764       923       235       251      1030      1002
      1000       792
        93       118         2         1         7        10
       210      1031       783      1032       770      1033      1034      1035
       970       786
        94       118         2         1         7        10
       145       611       154      1036       768       909       912      1037
       914       792
        95       118         2         1         7        10
        43        45         6       996       771       830      1027       997
       998       787
        96       118         2         1         7        10
       145       909       768       937       144       609       916       915
       936       776
        97       118         2         1         7        10
       766      1012       790       887       772      1038      1014       890
       891       797
        98       118         2         1         7        10
        85       974       788      1026       769      1039       975       976
       920       794
        99       118         2         1         7        10
       165       661       202      1020       777       924       859      1022
       926       787
       100       118         2         1         7        10
        15        76        75       869       769       824       827       980
       829       785
       101       118         2         1         7        10
       145       911       778      1040       154       611       912       913
      1037       792
       102       118         2         1         7        10
       766      1041       783      1042       113       949       918      1043
       978       794
       103       118         2         1         7        10
       209       932       770      1044        97       439       933       816
      1045       789
       104       118         2         1         7        10
       210      1033       770       932       209       441      1034       970
       968       786
       105       118         2         1         7        10
       151      1046       771       998       787      1047      1048       845
      1049       791
       106       118         2         1         7        10
       114      1050       784       837       767      1051      1052      1053
       934       789
       107       118         2         1         7        10
       772      1054       773      1055       149      1056       849      1058
      1057       798
       108       118         2         1         7        10
       162       950       766       948       122       498      1059       918
       977       794
       109       118         2         1         7        10
       120       531       121       962       776      1060      1061       981
       982       795
       110       118         2         1         7        10
        94      1062       786       969       767       971       972      1063
       821       796
       111       118         2         1         7        10
        14        65        63      1064        10      1065      1066      1067
      1024       764
       112       118         2         1         7        10
        55        57        10      1064        63      1068      1023      1024
      1067       764
       113       118         2         1         7        10
         1       239       198       242       175       243      1069       894
       839       763
       114       118         2         1         7        10
       765       804       768       814       767       928      1070       823
       821       796
       115       118         2         1         7        10
        93       405        94       404        92       406       811       971
      1015       767
       116       118         2         1         7        10
       114      1071       774      1072       784      1050      1052       810
      1053       789
       117       118         2         1         7        10
         1       247       234       246       222       240      1069       899
       852       763
       118       118         2         1         7        10
       206       702       173       700       198       703       886      1073
       895       772
       119       118         2         1         7        10
        16      1074       233      1075       782      1076      1077      1079
      1078       797
       120       118         2         1         7        10
       151      1047       787       880       775      1080      1048      1049
       846       791
       121       118         2         1         7        10
       127       255         2       984       764      1081      1010      1011
       844       791
       122       118         2         1         7        10
       764      1081       127      1010       791       844      1002      1083
      1082       792
       123       118         2         1         7        10
       765       862       769       868       764       800       954      1026
       989       788
       124       118         2         1         7        10
       206       702       173      1073       772       886       889      1084
       891       797
       125       118         2         1         7        10
       162       499       203       491       113       497       950      1085
       949       766
       126       118         2         1         7        10
       770      1032       783      1086        25      1087       818      1089
      1088       790
       127       118         2         1         7        10
       205      1090       766      1013       206       707      1091      1012
       888       790
       128       118         2         1         7        10
         2       255       127      1081       764       984      1030      1083
      1002       792
       129       118         2         1         7        10
        21       952       779       906       765       953      1092      1093
      1070       796
       130       118         2         1         7        10
        50      1094       763      1095        39       741      1096       847
      1097       772
       131       118         2         1         7        10
       205       707       206      1013       766      1090      1098       889
      1014       797
       132       118         2         1         7        10
       131       391       133       577       132       566      1099       879
       901       787
       133       118         2         1         7        10
       166      1100       773       857       165       681      1101       925
       924       777
       134       118         2         1         7        10
       773       925       777      1101       166      1100      1102      1104
      1103       780
       135       118         2         1         7        10
       203      1085       766      1105       135       492      1106      1041
      1107       783
       136       118         2         1         7        10
       114       504       228       415       231       507      1051      1109
      1108       767
       137       118         2         1         7        10
        85       360        86      1110       769      1039       974      1111
      1026       788
       138       118         2         1         7        10
       765      1112       770       931       767       928       865      1114
      1113       793
       139       118         2         1         7        10
        82       921       764       979       785      1115       988       989
      1116       788
       140       118         2         1         7        10
        82      1115       785       979       764       921      1009      1117
       844       791
       141       118         2         1         7        10
       162      1118       782      1016       766       950      1059      1017
       918       794
       142       118         2         1         7        10
        39      1097       772       847       763      1095      1006      1054
      1119       773
       143       118         2         1         7        10
         1      1069       763       852       222       240      1120       819
       929       790
       144       118         2         1         7        10
        23      1121       783      1122       765      1123      1124      1043
       919       794
       145       118         2         1         7        10
       764       905       779      1125        19       999      1002      1126
      1001       792
       146       118         2         1         7        10
       767       934       789       810       774      1127      1113      1129
      1128       793
       147       118         2         1         7        10
       148      1130       772      1056       149       618      1131       849
      1057       798
       148       118         2         1         7        10
       765       800       764       905       779       906       954       989
       956       788
       149       118         2         1         7        10
        63        65        14        73        18       758      1067      1066
       801       764
       150       118         2         1         7        10
        18        77        75       759        63       758       801       850
      1067       764
       151       118         2         1         7        10
       234       326        81       855       763       899      1132      1133
       843       798
       152       118         2         1         7        10
        79       314        78       316       223       315       809      1134
       854       789
       153       118         2         1         7        10
       198       894       763      1069         1       239       935       819
      1120       790
       154       118         2         1         7        10
       114      1051       767      1108       231       507      1052       934
      1135       789
       155       118         2         1         7        10
       210       295       184      1136       783      1031      1034      1137
      1035       786
       156       118         2         1         7        10
       121       537       158       536       120       531       962       961
      1060       776
       157       118         2         1         7        10
       144       547       146       431       123       548       938       836
      1138       784
       158       118         2         1         7        10
        39      1095       763      1139         5        41      1006      1119
      1028       773
       159       118         2         1         7        10
       135      1107       783      1041       766      1105      1140      1089
      1012       790
       160       118         2         1         7        10
        15       824       769       869        75        76       903       904
      1141       782
       161       118         2         1         7        10
        91       401       137      1142        11      1143      1144      1146
      1145       797
       162       118         2         1         7        10
       767       837       784      1072       774      1127       934      1053
       810       789
       163       118         2         1         7        10
       145       608       143       610       144       609       909      1147
       937       768
       164       118         2         1         7        10
        23      1123       765      1148       138       278      1124       919
      1149       794
       165       118         2         1         7        10
        23       278       138      1150       783      1121      1124      1149
      1043       794
       166       118         2         1         7        10
         5      1028       773      1119       763      1139      1151      1102
       946       780
       167       118         2         1         7        10
       135       299        25      1086       783      1107      1140      1088
      1089       790
       168       118         2         1         7        10
       181       892        15      1152       233       487       902       903
      1075       782
       169       118         2         1         7        10
       138      1148       765       973        85       282      1149       919
       975       794
       170       118         2         1         7        10
        16      1153       137       484       233      1074      1077      1146
      1079       797
       171       118         2         1         7        10
       767       931       770      1112       765       928       969       970
      1154       786
       172       118         2         1         7        10
       228       412        95       408        92       411      1109       872
      1015       767
       173       118         2         1         7        10
         9       740        39       741        50        52      1155      1095
      1094       763
       174       118         2         1         7        10
         5        41        39       740         9        49      1139      1095
      1155       763
       175       118         2         1         7        10
        18       927       767       814       768       802      1156       837
       838       784
       176       118         2         1         7        10
        19      1125       779       905       764       999      1025       956
       989       788
       177       118         2         1         7        10
        70      1157       766      1158        16        71      1159      1016
      1076       782
       178       118         2         1         7        10
       231       415       228       411        92       413      1108      1109
      1015       767
       179       118         2         1         7        10
       113       949       766      1085       203       491      1042      1041
      1106       783
       180       118         2         1         7        10
       153      1160       771      1046       151       645      1161       845
      1048       791
       181       118         2         1         7        10
        17      1162       767      1127       774      1163      1164      1113
      1128       793
       182       118         2         1         7        10
       209       441       210       436        97       439       932      1033
      1044       770
       183       118         2         1         7        10
       203       592       205       591       135       492      1085      1090
      1105       766
       184       118         2         1         7        10
       216      1165       780      1104       777      1166      1167      1168
       983       795
       185       118         2         1         7        10
       145       916       776      1169       207       612       911       917
      1170       778
       186       118         2         1         7        10
        75       761        70        71        16       760      1141      1159
      1076       782
       187       118         2         1         7        10
       162       498       122      1171       782      1118      1059       977
      1017       794
       188       118         2         1         7        10
       103      1172       768      1173       105       454      1174       914
      1175       792
       189       118         2         1         7        10
        16        67        15        76        75       760      1076       903
      1141       782
       190       118         2         1         7        10
        21       953       765      1176       213       275      1092      1070
      1177       796
       191       118         2         1         7        10
       774       810       789       808       763       805      1128      1129
      1178       793
       192       118         2         1         7        10
       146       547       144       610       143       459       813       937
      1147       768
       193       118         2         1         7        10
       217       687       166      1101       777      1179      1180      1103
      1104       780
       194       118         2         1         7        10
       209       440       140      1181       767       930       933      1182
       934       789
       195       118         2         1         7        10
       114       504       228      1109       767      1051      1050      1183
       837       784
       196       118         2         1         7        10
       226      1184       766       950       162       677      1185      1014
      1186       797
       197       118         2         1         7        10
       205       592       203       676       226       709      1090      1085
      1184       766
       198       118         2         1         7        10
       778       898       791      1010       127      1187       913      1082
      1083       792
       199       118         2         1         7        10
        81       945       780       946       763       855      1133      1188
       843       798
       200       118         2         1         7        10
        83       341        84       340        82       342      1008      1189
      1009       791
       201       118         2         1         7        10
        80       312        78       314        79       313       871      1134
       809       789
       202       118         2         1         7        10
        85      1039       769      1110        86       360       975       920
      1190       794
       203       118         2         1         7        10
        22       273        85       282       138       279      1191       973
      1148       765
       204       118         2         1         7        10
        15        67        16      1074       233      1152       903      1076
      1075       782
       205       118         2         1         7        10
       237       705       224       339       234       248       967      1192
      1132       798
       206       118         2         1         7        10
        22       279       138       278        23        32      1191      1148
      1123       765
       207       118         2         1         7        10
         1      1069       763       839       175       243       966       843
       841       798
       208       118         2         1         7        10
        16      1158       766      1157        70        71      1193      1038
      1194       772
       209       118         2         1         7        10
       226       709       205      1090       766      1184      1185      1098
      1014       797
       210       118         2         1         7        10
       209       440       140       449       101       444       930      1181
      1195       767
       211       118         2         1         7        10
       771       835       775       833        43       830       998       880
      1027       787
       212       118         2         1         7        10
       170      1196       776      1003       771      1197      1198       917
       896       778
       213       118         2         1         7        10
       142       573       151      1080       775      1199      1200      1048
       846       791
       214       118         2         1         7        10
       213      1176       765      1154       786      1201      1177      1070
      1063       796
       215       118         2         1         7        10
       228       412        95       872       767      1109      1183       881
       837       784
       216       118         2         1         7        10
       139       882         4       877       133       583       584      1202
       393       180
       217       118         2         1         7        10
         2       251       235       252        19        28      1030      1000
      1001       792
       218       118         2         1         7        10
       149      1055       773      1054       772      1056      1203       985
       992       781
       219       118         2         1         7        10
       137       402       110      1204        16      1153       484       483
      1074       233
       220       118         2         1         7        10
        11      1142       137      1153        16        68      1145      1146
      1077       797
       221       118         2         1         7        10
       217      1179       777      1166       216       734      1180      1104
      1165       780
       222       118         2         1         7        10
       135      1105       766      1090       205       591      1140      1012
      1091       790
       223       118         2         1         7        10
       205       706       179       701       206       707      1098      1205
       889       797
       224       118         2         1         7        10
       162       677       226       676       203       499       950      1184
      1085       766
       225       118         2         1         7        10
       158      1004       771      1197       170       668       961      1003
      1196       776
       226       118         2         1         7        10
       139      1206        12      1207         7       883       584      1209
      1208       180
       227       118         2         1         7        10
       775       880       787       998       771       835       846      1049
       845       791
       228       118         2         1         7        10
       103      1210       779       907       768      1172      1174      1126
       914       792
       229       118         2         1         7        10
       153       650       194      1211       778      1212      1161      1213
       898       791
       230       118         2         1         7        10
       229       675       170       669       160       654      1214      1198
      1215       778
       231       118         2         1         7        10
       216       521       214      1216       780      1165      1167      1217
      1168       795
       232       118         2         1         7        10
       203       492       135       301       111       490      1106      1107
      1218       783
       233       118         2         1         7        10
       770       817       763       808       789       816      1114      1178
      1129       793
       234       118         2         1         7        10
       163       658       164       659       165       679      1219       858
       857       773
       235       118         2         1         7        10
        91       951         3      1220        89       380       381       940
       382        90
       236       118         2         1         7        10
       139       582       134       579       133       583       884      1221
       876       775
       237       118         2         1         7        10
       178      1222       772       944        90       399      1223       992
       993       781
       238       118         2         1         7        10
       170      1197       771      1224       160       669      1198       896
      1215       778
       239       118         2         1         7        10
       767       931       770       816       789       934      1113      1114
      1129       793
       240       118         2         1         7        10
       208       674       202      1021       771      1225      1226      1020
       995       777
       241       118         2         1         7        10
        18       802       768       915       776      1227      1156       838
       939       784
       242       118         2         1         7        10
       114      1071       774      1228       116       500      1050      1072
      1229       784
       243       118         2         1         7        10
       148       621       176       848       772      1130      1131       842
       849       798
       244       118         2         1         7        10
         6       996       771      1003       776      1230      1231       896
       917       778
       245       118         2         1         7        10
       105      1173       768      1172       103       454      1232       823
      1233       796
       246       118         2         1         7        10
        21       272        85       273        22        31       953       973
      1191       765
       247       118         2         1         7        10
       153      1212       778       896       771      1160      1161       898
       845       791
       248       118         2         1         7        10
        23        32        22      1191       765      1123      1234      1235
      1154       786
       249       118         2         1         7        10
        84       355       187      1236       785      1237      1189      1238
      1117       791
       250       118         2         1         7        10
       765      1122       783      1121        23      1123      1154      1035
      1234       786
       251       118         2         1         7        10
       775      1239       785      1236       187      1240       846      1117
      1238       791
       252       118         2         1         7        10
        82       340        84      1237       785      1115      1009      1189
      1117       791
       253       118         2         1         7        10
       143       608       145       611       154       470      1147       909
      1036       768
       254       118         2         1         7        10
        92       404        94       409       101       410      1015       971
      1195       767
       255       118         2         1         7        10
       101       444       209       930       767      1195      1241       968
       969       786
       256       118         2         1         7        10
       176       699       198       700       173       636       848       895
      1073       772
       257       118         2         1         7        10
       221       711       183       825       769      1242      1243       828
       829       785
       258       118         2         1         7        10
       217       734       216       521       214       733      1180      1165
      1216       780
       259       118         2         1         7        10
       777      1104       780      1151         5      1029       983      1168
      1244       795
       260       118         2         1         7        10
       149      1056       772      1222       178       632      1203       992
      1223       781
       261       118         2         1         7        10
       178       398       136       395        90       399      1222       943
       944       772
       262       118         2         1         7        10
        82       349       227       265       235       343       988      1245
       990       788
       263       118         2         1         7        10
        22       274       213       275        21        31      1191      1176
       953       765
       264       118         2         1         7        10
       213      1176       765      1191        22       274      1201      1154
      1235       786
       265       118         2         1         7        10
       105       455       102       959       768      1173      1232       960
       823       796
       266       118         2         1         7        10
       197      1246       773      1100       166       682      1247      1102
      1103       780
       267       118         2         1         7        10
       766      1016       782      1118       162       950      1014      1078
      1186       797
       268       118         2         1         7        10
       154       469       105      1173       768      1036      1037      1175
       914       792
       269       118         2         1         7        10
       145       612       207       616       236       615       911      1170
      1248       778
       270       118         2         1         7        10
       208       674       202       672       159       667      1225      1021
      1249       771
       271       118         2         1         7        10
       774       947       780      1216       214      1250      1251      1168
      1217       795
       272       118         2         1         7        10
       159       666       158       541       208       667      1249      1004
      1225       771
       273       118         2         1         7        10
        26      1252       770      1087        25        35      1253       818
      1088       790
       274       118         2         1         7        10
         7        46         4       882       139       883      1208      1202
       584       180
       275       118         2         1         7        10
       164       858       773      1219       163       658       986       985
      1254       781
       276       118         2         1         7        10
       766      1038       772      1193        16      1158      1014       891
      1077       797
       277       118         2         1         7        10
       101      1195       767       971        94       409      1241       969
      1062       786
       278       118         2         1         7        10
        15        67        16      1204       110      1255      1152      1074
       483       233
       279       118         2         1         7        10
        70      1194       772      1038       766      1157      1256      1257
       866       793
       280       118         2         1         7        10
       180       584       139      1206        12      1209       485       602
      1258       181
       281       118         2         1         7        10
       763       847       772      1038       766      1259       819       887
      1012       790
       282       118         2         1         7        10
       231      1108       767      1181       140       450      1135       934
      1182       789
       283       118         2         1         7        10
       768       907       779      1210       103      1172       823      1093
      1233       796
       284       118         2         1         7        10
       201      1260       774       856        81       329      1261       947
       945       780
       285       118         2         1         7        10
       226       708       179       706       205       709      1185      1205
      1098       797
       286       118         2         1         7        10
       136       403       137       401        91       394      1262      1146
      1144       797
       287       118         2         1         7        10
       229       653       153       650       194       655      1214      1212
      1211       778
       288       118         2         1         7        10
       208      1225       771      1004       158       541      1226       995
       965       777
       289       118         2         1         7        10
       773      1028         5      1029       777       925      1102      1151
      1104       780
       290       118         2         1         7        10
       764       897       778       910       768       803      1002       913
       914       792
       291       118         2         1         7        10
       101       449       140       450       231       414      1195      1181
      1108       767
       292       118         2         1         7        10
       766      1038       772       847       763      1259       866      1257
      1178       793
       293       118         2         1         7        10
       170       668       158       664       160       669      1197      1004
      1224       771
       294       118         2         1         7        10
        25      1087       770      1033       210       293      1086      1032
      1031       783
       295       118         2         1         7        10
       223       308        96      1263       770       873       854      1264
       816       789
       296       118         2         1         7        10
       144       548       123      1265       776       936       938      1138
       939       784
       297       118         2         1         7        10
       211      1266       769      1267       125       373      1268       920
      1269       794
       298       118         2         1         7        10
        11      1270         8      1271       110      1272      1143      1273
       386        91
       299       118         2         1         7        10
        92       410       101       414       231       413      1015      1195
      1108       767
       300       118         2         1         7        10
       154       469       105       457       143       470      1036      1173
      1147       768
       301       118         2         1         7        10
       145       615       236       481       154       611       911      1248
      1040       778
       302       118         2         1         7        10
       166       680       163       679       165       681      1100      1219
       857       773
       303       118         2         1         7        10
       149       618       148       631       178       632      1056      1130
      1222       772
       304       118         2         1         7        10
        94       405        93       417       200       416       972       822
      1274       796
       305       118         2         1         7        10
       206       701       179       697       173       702       889      1205
      1084       797
       306       118         2         1         7        10
       233       483       110      1255        15      1152       487       486
       892       181
       307       118         2         1         7        10
       201       328        80       323        81       329      1260       870
       856       774
       308       118         2         1         7        10
       116       500       114       502       115       501      1228      1071
      1275       774
       309       118         2         1         7        10
       178       598       172       597       136       398      1222      1276
       943       772
       310       118         2         1         7        10
        89       382        90       940         3      1220      1277       993
       991       781
       311       118         2         1         7        10
       765       928       767       969       786      1154      1070       821
      1063       796
       312       118         2         1         7        10
       142       607       152       606       151       573      1200      1278
      1048       791
       313       118         2         1         7        10
       158       668       170       670       171       538       961      1196
      1279       776
       314       118         2         1         7        10
       193       376       127      1187       778      1280      1281      1010
       898       791
       315       118         2         1         7        10
        26        35        25       299       135       298      1253      1088
      1140       790
       316       118         2         1         7        10
       171       539       120       536       158       538      1279      1060
       961       776
       317       118         2         1         7        10
       142      1199       775      1080       151       573      1282       880
      1047       787
       318       118         2         1         7        10
       102       458       143       457       105       455       959      1147
      1173       768
       319       118         2         1         7        10
       201       520       214      1250       774      1260      1261      1216
       947       780
       320       118         2         1         7        10
       151       647       161       649       169       575      1047      1284
      1283       787
       321       118         2         1         7        10
         6      1230       776      1003       771       996       994       964
       995       777
       322       118         2         1         7        10
       105       454       103       453       102       455      1232      1233
       960       796
       323       118         2         1         7        10
       230      1285       782      1075       233       564      1286      1078
      1079       797
       324       118         2         1         7        10
       181       487       233       563       129       561       902      1075
      1287       782
       325       118         2         1         7        10
       151      1046       771      1288       161       647      1047       998
      1284       787
       326       118         2         1         7        10
        24       292       210       295       184       287      1289      1031
      1136       783
       327       118         2         1         7        10
       143       458       102       421       146       459      1147       959
       813       768
       328       118         2         1         7        10
       211       555       182       553       125       373      1266      1018
      1267       769
       329       118         2         1         7        10
        85       360        86       359        87       358       975      1190
      1290       794
       330       118         2         1         7        10
       141      1291       774      1071       114       503      1292       810
      1052       789
       331       118         2         1         7        10
       208       685       165       661       202       674      1226       924
      1020       777
       332       118         2         1         7        10
        95       430       123       431       146       419       881      1138
       836       784
       333       118         2         1         7        10
       117      1293       774      1250       214       519      1294      1251
      1217       795
       334       118         2         1         7        10
       116      1229       784      1072       774      1228      1295      1296
      1251       795
       335       118         2         1         7        10
        26       305       223       873       770      1252      1253       874
       818       790
       336       118         2         1         7        10
       765       864       766      1041       783      1122       865       866
      1297       793
       337       118         2         1         7        10
       219       369       221      1242       769      1298      1299      1243
       829       785
       338       118         2         1         7        10
       129       554       182       562       181       561      1287      1019
       902       782
       339       118         2         1         7        10
       132       900       775      1199       142       570       901       880
      1282       787
       340       118         2         1         7        10
       168       683       166       681       165       684      1300      1101
       924       777
       341       118         2         1         7        10
       103       454       105       462       107       463      1174      1175
      1301       792
       342       118         2         1         7        10
       148       618       149       617       147       619      1131      1057
      1302       798
       343       118         2         1         7        10
       207      1169       776      1196       170       692      1170       917
      1198       778
       344       118         2         1         7        10
       764       844       791       898       778       897      1002      1082
       913       792
       345       118         2         1         7        10
       133       391       131       387        89       392      1303      1304
      1277       781
       346       118         2         1         7        10
       217       689       197       682       166       687      1180      1247
      1103       780
       347       118         2         1         7        10
       221       715       190       714       183       711      1243      1305
       828       785
       348       118         2         1         7        10
        98       300       210       293        25       297      1306      1033
      1087       770
       349       118         2         1         7        10
       765       906       779       907       768       804      1070      1093
       823       796
       350       118         2         1         7        10
       183       710       182       712       221       711       825      1018
      1242       769
       351       118         2         1         7        10
       113       491       203       490       111       488      1042      1106
      1218       783
       352       118         2         1         7        10
       184       286        23      1121       783      1136      1137      1234
      1035       786
       353       118         2         1         7        10
       770      1032       783      1122       765      1112       970      1035
      1154       786
       354       118         2         1         7        10
        17      1163       774      1127       767      1162      1307      1072
       837       784
       355       118         2         1         7        10
        39      1308       781       985       773      1006      1007       987
       861       787
       356       118         2         1         7        10
        43       833       775       875         4        44      1027       880
       878       787
       357       118         2         1         7        10
       188       345        84       355       187       357      1309      1237
      1236       785
       358       118         2         1         7        10
       192      1310       776      1265       123       530      1311       939
      1138       784
       359       118         2         1         7        10
       141       330       115       502       114       503      1291      1275
      1071       774
       360       118         2         1         7        10
       184       295       210       441       209       447      1137      1034
       968       786
       361       118         2         1         7        10
        20        30        21       952       779      1312      1313       955
       956       788
       362       118         2         1         7        10
       766       864       765      1122       783      1041       918       919
      1043       794
       363       118         2         1         7        10
        97       436       210       300        98       433      1044      1033
      1306       770
       364       118         2         1         7        10
       125      1267       769      1018       182       553      1314       904
      1019       782
       365       118         2         1         7        10
       127       352        88       351        83       254      1010      1315
      1008       791
       366       118         2         1         7        10
       110      1271         8        48         3      1316       386      1273
       951        91
       367       118         2         1         7        10
       164       986       781      1317       156       656       860       987
      1318       787
       368       118         2         1         7        10
         6      1230       776       964       777       994      1319       982
       983       795
       369       118         2         1         7        10
       192       527       118      1320       776      1310      1311      1321
       939       784
       370       118         2         1         7        10
       209       439        97       437       140       440       933      1045
      1182       789
       371       118         2         1         7        10
       220       276        85       272        21       269      1322       974
       955       788
       372       118         2         1         7        10
       108       480       236      1248       778      1323      1324      1325
       913       792
       373       118         2         1         7        10
       121       542       208       541       158       537       963      1226
       965       777
       374       118         2         1         7        10
       118       522       120      1060       776      1320      1326      1061
       982       795
       375       118         2         1         7        10
       214       519       117       510       201       520      1250      1293
      1260       774
       376       118         2         1         7        10
       172       597       136       943       772      1276      1327      1262
       891       797
       377       118         2         1         7        10
       180      1209        12      1207         7      1208       389      1329
      1328       110
       378       118         2         1         7        10
       127       478       108       479       193       376      1187      1323
      1280       778
       379       118         2         1         7        10
       765      1122       783      1032       770      1112       865      1297
      1114       793
       380       118         2         1         7        10
       776       939       784      1321       118      1320       982      1296
      1326       795
       381       118         2         1         7        10
       135       299        25       291       111       301      1107      1086
      1218       783
       382       118         2         1         7        10
       201       329        81       334       196       338      1261       945
      1330       780
       383       118         2         1         7        10
       125      1267       769       904       782      1314      1269       920
      1017       794
       384       118         2         1         7        10
       234       339       224       336        81       326      1132      1192
      1133       798
       385       118         2         1         7        10
        23       281       185       280        22        32      1234      1331
      1235       786
       386       118         2         1         7        10
       114       507       231       450       140       506      1052      1135
      1182       789
       387       118         2         1         7        10
       219      1299       785       829       769      1298      1332      1116
      1026       788
       388       118         2         1         7        10
       108      1323       778      1187       127       478      1324       913
      1083       792
       389       118         2         1         7        10
       153       648       161       647       151       645      1160      1288
      1046       771
       390       118         2         1         7        10
       157       660       165       659       164       657      1333       859
       860       787
       391       118         2         1         7        10
       117       508       116      1228       774      1293      1294      1295
      1251       795
       392       118         2         1         7        10
       766      1158        16      1076       782      1016      1014      1077
      1078       797
       393       118         2         1         7        10
        21       266       155      1334       779       952      1092      1335
      1093       796
       394       118         2         1         7        10
       150       623       149      1055       773      1336      1337      1057
      1058       798
       395       118         2         1         7        10
       193       375        88       352       127       376      1281      1315
      1010       791
       396       118         2         1         7        10
       164       658       163       639       156       656       986      1254
      1317       781
       397       118         2         1         7        10
       100       424       101       409        94       423      1338      1241
      1062       786
       398       118         2         1         7        10
       130       565       132       570       142       571      1339       901
      1282       787
       399       118         2         1         7        10
       110       389       180      1209        12      1329       486       485
      1258       181
       400       118         2         1         7        10
       137       601       230       564       233       484      1146      1286
      1079       797
       401       118         2         1         7        10
       772      1054       773      1006        39      1097       992       985
      1308       781
       402       118         2         1         7        10
       142      1199       775      1240       187       587      1200       846
      1238       791
       403       118         2         1         7        10
       232       678       226       677       162       559      1340      1185
      1186       797
       404       118         2         1         7        10
       766      1041       783      1032       770      1341      1012      1089
       818       790
       405       118         2         1         7        10
        26       305       223       308        96       307      1252       873
      1263       770
       406       118         2         1         7        10
       167      1342       784      1229       116       511      1343      1296
      1295       795
       407       118         2         1         7        10
       211       373       125       372        87       363      1268      1269
      1290       794
       408       118         2         1         7        10
       108       477       154       481       236       480      1324      1037
      1325       792
       409       118         2         1         7        10
        80       870       774      1291       141       317       871       810
      1292       789
       410       118         2         1         7        10
       763      1119       773      1054       772       847       843      1058
       849       798
       411       118         2         1         7        10
       128       546       162       498       122       544      1344      1118
      1171       782
       412       118         2         1         7        10
       133       579       134       580       132       577       876      1221
       900       775
       413       118         2         1         7        10
       154      1040       778      1248       236       481      1037       913
      1325       792
       414       118         2         1         7        10
        25        35        26       296        98       297      1087      1252
      1306       770
       415       118         2         1         7        10
       207       692       170       694       236       616      1170      1198
      1248       778
       416       118         2         1         7        10
        12        66        15      1255       110      1329      1258       892
       486       181
       417       118         2         1         7        10
       144       548       123       530       192       549       936      1265
      1310       776
       418       118         2         1         7        10
       768       907       779       905       764       803       914      1126
      1002       792
       419       118         2         1         7        10
       101       424       100       443       209       444      1241      1338
       968       786
       420       118         2         1         7        10
       117       508       116       501       115       509      1293      1228
      1275       774
       421       118         2         1         7        10
       114       500       116       505       228       504      1050      1229
      1183       784
       422       118         2         1         7        10
        19       261       212      1345       779      1125      1025      1346
       956       788
       423       118         2         1         7        10
       148       619       147       620       176       621      1131      1302
       842       798
       424       118         2         1         7        10
       766      1259       763       819       790      1012       866      1178
      1347       793
       425       118         2         1         7        10
        25       293       210       292        24        34      1086      1031
      1289       783
       426       118         2         1         7        10
         6      1348       784       939       776      1230      1319      1296
       982       795
       427       118         2         1         7        10
       221       366        86       368       219       369      1242      1110
      1298       769
       428       118         2         1         7        10
        17      1162       767       927        18        74      1307       837
      1156       784
       429       118         2         1         7        10
       191      1349       779      1210       103       464      1350      1126
      1174       792
       430       118         2         1         7        10
        26       307        96       306        98       296      1252      1263
      1306       770
       431       118         2         1         7        10
       186       590       188       589       134       585       957      1309
      1351       785
       432       118         2         1         7        10
       145       609       144       613       207       612       916       936
      1169       776
       433       118         2         1         7        10
       192       530       123       528       118       527      1311      1138
      1321       784
       434       118         2         1         7        10
       158       666       159       665       160       664      1004      1249
      1224       771
       435       118         2         1         7        10
       152       646       153       645       151       606      1278      1161
      1048       791
       436       118         2         1         7        10
        27        37         1       240       222       241      1352      1120
       929       790
       437       118         2         1         7        10
        85       276       220       361        86       360       974      1322
      1111       788
       438       118         2         1         7        10
       219      1298       769      1110        86       368      1332      1026
      1111       788
       439       118         2         1         7        10
         2        28        19       249       109       250      1030      1001
      1353       792
       440       118         2         1         7        10
        96       434        97      1044       770      1263      1264      1045
       816       789
       441       118         2         1         7        10
       159       672       202       673       161       671      1249      1021
      1288       771
       442       118         2         1         7        10
        24       287       184       286        23        33      1289      1136
      1121       783
       443       118         2         1         7        10
       110      1316         3      1220        89       385       386       951
       380        91
       444       118         2         1         7        10
       115       330       141       317        80       331      1275      1291
       870       774
       445       118         2         1         7        10
       118       522       120       526       192       527      1320      1060
      1310       776
       446       118         2         1         7        10
       219       720       190       715       221       369      1299      1305
      1243       785
       447       118         2         1         7        10
        94       416       200      1354       786      1062       972      1274
      1063       796
       448       118         2         1         7        10
       214       729       215       730       217       733      1216      1355
      1180       780
       449       118         2         1         7        10
       182       555       211       365       221       712      1018      1266
      1242       769
       450       118         2         1         7        10
       211       364        86       366       221       365      1266      1110
      1242       769
       451       118         2         1         7        10
       232       559       162      1118       782      1356      1340      1186
      1078       797
       452       118         2         1         7        10
        81       333       195      1357       780       945      1133      1358
      1188       798
       453       118         2         1         7        10
       165       685       208       686       168       684       924      1226
      1300       777
       454       118         2         1         7        10
       107       465       191       464       103       463      1301      1350
      1174       792
       455       118         2         1         7        10
       213       274        22       280       185       283      1201      1235
      1331       786
       456       118         2         1         7        10
        16      1193       772      1359        11        68      1077       891
      1145       797
       457       118         2         1         7        10
       128      1344       782      1171       122       544      1360      1017
       977       794
       458       118         2         1         7        10
       163      1219       773      1055       149       637      1254       985
      1203       781
       459       118         2         1         7        10
        13      1361         9      1362       774      1363      1364      1365
      1072       784
       460       118         2         1         7        10
       117       512       167       511       116       508      1294      1343
      1295       795
       461       118         2         1         7        10
       172       596       174       594       136       597      1327      1366
      1262       797
       462       118         2         1         7        10
         6        42         5      1367       784      1348      1319      1244
      1296       795
       463       118         2         1         7        10
       178       399        90       396       177       400      1223       993
      1368       781
       464       118         2         1         7        10
         3       942       772      1097        39        40       991       992
      1308       781
       465       118         2         1         7        10
        98       306        96       434        97       433      1306      1263
      1044       770
       466       118         2         1         7        10
       142       587       187       356       152       607      1200      1238
      1278       791
       467       118         2         1         7        10
       225      1369       780      1357       195       727      1370      1188
      1358       798
       468       118         2         1         7        10
       223       316        78       319        96       308       854      1134
      1264       789
       469       118         2         1         7        10
        27       241       222       311       223       304      1352       929
       874       790
       470       118         2         1         7        10
       157       657       164       656       156       578      1333       860
      1318       787
       471       118         2         1         7        10
       217       730       215       726       197       689      1180      1355
      1247       780
       472       118         2         1         7        10
       202       661       165       660       157       662      1022       859
      1333       787
       473       118         2         1         7        10
       154       468       107       462       105       469      1037      1301
      1175       792
       474       118         2         1         7        10
       218      1371       777       963       121       534      1372       983
       981       795
       475       118         2         1         7        10
       201       338       196       728       214       520      1261      1330
      1216       780
       476       118         2         1         7        10
       150       622       147       617       149       623      1337      1302
      1057       798
       477       118         2         1         7        10
       130       571       142       573       151       572      1339      1282
      1047       787
       478       118         2         1         7        10
        21       275       213       277       155       266      1092      1177
      1335       796
       479       118         2         1         7        10
        19       261       212       260        20        29      1125      1345
      1312       779
       480       118         2         1         7        10
        20       268       220       269        21        30      1313      1322
       955       788
       481       118         2         1         7        10
        10      1373       776      1230         6        53      1374       939
      1348       784
       482       118         2         1         7        10
        13      1363       774      1163        17        69      1364      1072
      1307       784
       483       118         2         1         7        10
       769       829       785       979       764       868      1026      1116
       989       788
       484       118         2         1         7        10
       225       624       150       642       197       644      1370      1337
      1375       798
       485       118         2         1         7        10
       193      1280       778      1211       194       379      1281       898
      1213       791
       486       118         2         1         7        10
        14        73        18      1227       776      1376      1377      1156
       939       784
       487       118         2         1         7        10
       217       687       166       683       168       688      1179      1101
      1300       777
       488       118         2         1         7        10
       770      1032       783      1041       766      1341      1114      1297
       866       793
       489       118         2         1         7        10
        10      1065        14      1376       776      1373      1374      1377
       939       784
       490       118         2         1         7        10
       773      1102       780      1247       197      1246      1058      1188
      1375       798
       491       118         2         1         7        10
         6       994       777      1029         5        42      1319       983
      1244       795
       492       118         2         1         7        10
       188       344        82       340        84       345      1309      1115
      1237       785
       493       118         2         1         7        10
        81       336       224       337       195       333      1133      1192
      1358       798
       494       118         2         1         7        10
        94       416       200       427       199       425      1062      1354
      1378       786
       495       118         2         1         7        10
        20      1312       779      1345       212       260      1313       956
      1346       788
       496       118         2         1         7        10
       161       651       160       665       159       671      1288      1224
      1249       771
       497       118         2         1         7        10
       148       621       176       636       173       633      1130       848
      1073       772
       498       118         2         1         7        10
        19      1125       779      1349       191       258      1001      1126
      1350       792
       499       118         2         1         7        10
       235       265       227       264        19       252       990      1245
      1025       788
       500       118         2         1         7        10
       217       691       218       535       216       734      1179      1371
      1166       777
       501       118         2         1         7        10
       225       644       197      1247       780      1369      1370      1375
      1188       798
       502       118         2         1         7        10
       172       598       178       631       148       634      1276      1222
      1130       772
       503       118         2         1         7        10
       149       632       178       400       177       641      1203      1223
      1368       781
       504       118         2         1         7        10
       148       633       173       635       172       634      1130      1073
      1276       772
       505       118         2         1         7        10
       764       979       785      1239       775       834       844      1117
       846       791
       506       118         2         1         7        10
       218       535       216      1166       777      1371      1372      1167
       983       795
       507       118         2         1         7        10
        11       752        15      1255       110      1272        58        66
      1329        12
       508       118         2         1         7        10
         4        44        43       743         7        46       875       833
       885       775
       509       118         2         1         7        10
        15       752        11      1272       110      1255        67        68
      1204        16
       510       118         2         1         7        10
       189      1379       785      1299       219       719      1380      1116
      1332       788
       511       118         2         1         7        10
        10        53         6        42         5       742      1374      1348
      1367       784
       512       118         2         1         7        10
       150      1336       773      1246       197       642      1337      1058
      1375       798
       513       118         2         1         7        10
         9        54        10       742         5        49      1365      1374
      1367       784
       514       118         2         1         7        10
       212       261        19       264       227       263      1346      1025
      1245       788
       515       118         2         1         7        10
       204       593       205       707       206       731      1381      1091
       888       790
       516       118         2         1         7        10
       106       384        90       382        89       383      1382       993
      1277       781
       517       118         2         1         7        10
       225       644       197       725       195       727      1369      1247
      1357       780
       518       118         2         1         7        10
       156       639       163       637       149       640      1317      1254
      1203       781
       519       118         2         1         7        10
        59        60        11        68        16       753      1383      1359
      1193       772
       520       118         2         1         7        10
        16        71        70       755        59       753      1193      1194
      1383       772
       521       118         2         1         7        10
        39        40         3        48         8       739      1097       942
      1384       772
       522       118         2         1         7        10
         8        51        50       741        39       739      1384      1096
      1097       772
       523       118         2         1         7        10
        80       328       201       332       115       331       870      1260
      1275       774
       524       118         2         1         7        10
       200       417        93       420       102       422      1274       822
       960       796
       525       118         2         1         7        10
       115       332       201       510       117       509      1275      1260
      1293       774
       526       118         2         1         7        10
        50        51         8      1270        11      1385      1096      1384
      1359       772
       527       118         2         1         7        10
        59      1386        50      1385        11        60      1383      1096
      1359       772
       528       118         2         1         7        10
        89       387       131       388       106       383      1277      1304
      1382       781
       529       118         2         1         7        10
         8      1387        12        58        11      1270      1271      1329
      1272       110
       530       118         2         1         7        10
         8        47         7      1207        12      1387      1271      1328
      1329       110
       531       118         2         1         7        10
       197       643       163       680       166       682      1246      1219
      1100       773
       532       118         2         1         7        10
       112      1388       783      1150       138       288      1389      1043
      1149       794
       533       118         2         1         7        10
       167       525       118      1321       784      1342      1343      1326
      1296       795
       534       118         2         1         7        10
       112       284        23       278       138       288      1388      1121
      1150       783
       535       118         2         1         7        10
       134       581       142       570       132       580      1221      1199
       900       775
       536       118         2         1         7        10
       184       289       185       281        23       286      1137      1331
      1234       786
       537       118         2         1         7        10
       120       523       119       532       121       531      1061      1390
       981       795
       538       118         2         1         7        10
       160       651       161       648       153       652      1224      1288
      1160       771
       539       118         2         1         7        10
         7       738         3      1316       110      1328        47        48
      1271         8
       540       118         2         1         7        10
       128       550       125      1314       782      1344      1360      1269
      1017       794
       541       118         2         1         7        10
       109       249        19       258       191       262      1353      1001
      1350       792
       542       118         2         1         7        10
        88       375       193       379       194       378      1315      1281
      1213       791
       543       118         2         1         7        10
       150       623       149       637       163       638      1336      1055
      1219       773
       544       118         2         1         7        10
       155       460       103      1210       779      1334      1335      1233
      1093       796
       545       118         2         1         7        10
       194       379       193       722       229       655      1211      1280
      1214       778
       546       118         2         1         7        10
       207       613       144       549       192       614      1169       936
      1310       776
       547       118         2         1         7        10
       129       552       125       553       182       554      1287      1314
      1019       782
       548       118         2         1         7        10
        99       438       140       437        97       435      1391      1182
      1045       789
       549       118         2         1         7        10
        10      1392        13        62        14      1065      1374      1364
      1377       784
       550       118         2         1         7        10
        13      1392        10        54         9      1361      1364      1374
      1365       784
       551       118         2         1         7        10
       186       605       183       714       190       713       957       828
      1305       785
       552       118         2         1         7        10
       156      1317       781      1304       131       472      1318       987
      1099       787
       553       118         2         1         7        10
        27       238       198       239         1        37      1352       935
      1120       790
       554       118         2         1         7        10
       171       540       192       526       120       539      1279      1310
      1060       776
       555       118         2         1         7        10
       763       946       780      1102       773      1119       843      1188
      1058       798
       556       118         2         1         7        10
        78       312        80       317       141       318      1134       871
      1292       789
       557       118         2         1         7        10
        96       320        99       435        97       434      1264      1391
      1045       789
       558       118         2         1         7        10
       147       627       175       626       176       620      1302       841
       842       798
       559       118         2         1         7        10
       100       446       184       447       209       443      1338      1137
       968       786
       560       118         2         1         7        10
       190       720       219       719       189       718      1305      1299
      1379       785
       561       118         2         1         7        10
       770       818       790       819       763       817      1114      1347
      1178       793
       562       118         2         1         7        10
       204       309       135       591       205       593      1381      1140
      1091       790
       563       118         2         1         7        10
       766      1012       790       818       770      1341       866      1347
      1114       793
       564       118         2         1         7        10
       236       694       170       675       229       695      1248      1198
      1214       778
       565       118         2         1         7        10
       187       587       142       581       134       588      1240      1199
      1221       775
       566       118         2         1         7        10
       228       432       124       429        95       412      1183      1393
       881       784
       567       118         2         1         7        10
       124       432       228       505       116       513      1393      1183
      1229       784
       568       118         2         1         7        10
       152       377       194       650       153       646      1278      1213
      1161       791
       569       118         2         1         7        10
       197       642       150       638       163       643      1246      1336
      1219       773
       570       118         2         1         7        10
       206       703       198       310       204       731       888       935
      1381       790
       571       118         2         1         7        10
       121       534       218       543       208       542       963      1371
      1226       777
       572       118         2         1         7        10
        14        62        13       756        18        73      1377      1364
      1156       784
       573       118         2         1         7        10
       213      1201       786      1378       199       716      1177      1063
      1394       796
       574       118         2         1         7        10
       119       533       218       534       121       532      1390      1372
       981       795
       575       118         2         1         7        10
        13        69        17        74        18       756      1364      1307
      1156       784
       576       118         2         1         7        10
        83       351        88       350        84       341      1008      1315
      1189       791
       577       118         2         1         7        10
       196       334        81       333       195       335      1330       945
      1357       780
       578       118         2         1         7        10
       232       559       162       546       128       558      1356      1118
      1344       782
       579       118         2         1         7        10
       230       557       129       563       233       564      1285      1287
      1075       782
       580       118         2         1         7        10
       199      1378       786      1354       200       427      1394      1063
      1274       796
       581       118         2         1         7        10
       108       480       236       482       193       479      1323      1248
      1280       778
       582       118         2         1         7        10
       207       693       171       670       170       692      1169      1279
      1196       776
       583       118         2         1         7        10
       118       524       119       523       120       522      1326      1390
      1061       795
       584       118         2         1         7        10
       132       565       130       567       131       566       901      1339
      1099       787
       585       118         2         1         7        10
       141       503       114       506       140       442      1292      1052
      1182       789
       586       118         2         1         7        10
       123       430        95       429       124       428      1138       881
      1393       784
       587       118         2         1         7        10
       174       595       137       403       136       594      1366      1146
      1262       797
       588       118         2         1         7        10
         2       250       109       257       127       255      1030      1353
      1083       792
       589       118         2         1         7        10
       196       723       215       729       214       728      1330      1355
      1216       780
       590       118         2         1         7        10
       168       690       218       691       217       688      1300      1371
      1179       777
       591       118         2         1         7        10
       128       545       126       371       125       550      1360      1395
      1269       794
       592       118         2         1         7        10
       149       641       177       473       156       640      1203      1368
      1317       781
       593       118         2         1         7        10
        78       321        99       320        96       319      1134      1391
      1264       789
       594       118         2         1         7        10
       128       544       122       496       126       545      1360       977
      1395       794
       595       118         2         1         7        10
       124       514       167       525       118       529      1393      1342
      1321       784
       596       118         2         1         7        10
       100       423        94       425       199       426      1338      1062
      1378       786
       597       118         2         1         7        10
       103       452       104       451       102       453      1233      1396
       960       796
       598       118         2         1         7        10
         4        38         3        40        39       735      1397       991
      1308       781
       599       118         2         1         7        10
       123       428       124       529       118       528      1138      1393
      1321       784
       600       118         2         1         7        10
        20       259       191       258        19        29      1312      1349
      1125       779
       601       118         2         1         7        10
        26        36        27       304       223       305      1253      1352
       874       790
       602       118         2         1         7        10
       156       472       131       568       157       578      1318      1099
      1333       787
       603       118         2         1         7        10
       116       511       167       514       124       513      1229      1342
      1393       784
       604       118         2         1         7        10
       189       719       219       721       227       348      1380      1332
      1245       788
       605       118         2         1         7        10
       155       461       104       452       103       460      1335      1396
      1233       796
       606       118         2         1         7        10
       191       270       155       460       103       464      1349      1334
      1210       779
       607       118         2         1         7        10
       220       268        20       260       212       271      1322      1313
      1346       788
       608       118         2         1         7        10
       106       397       177       396        90       384      1382      1368
       993       781
       609       118         2         1         7        10
       108       478       127       257       109       475      1324      1083
      1353       792
       610       118         2         1         7        10
       169       663       202       662       157       576      1283      1022
      1333       787
       611       118         2         1         7        10
       168       686       208       543       218       690      1300      1226
      1371       777
       612       118         2         1         7        10
       237       245       175       629       224       705       967       841
      1192       798
       613       118         2         1         7        10
       218       533       119       518       216       535      1372      1390
      1167       795
       614       118         2         1         7        10
       215       724       195       725       197       726      1355      1357
      1247       780
       615       118         2         1         7        10
       109       262       191       465       107       474      1353      1350
      1301       792
       616       118         2         1         7        10
       216       517       117       519       214       521      1167      1294
      1217       795
       617       118         2         1         7        10
       193       482       236       695       229       722      1280      1248
      1214       778
       618       118         2         1         7        10
       174       696       173       697       179       698      1366      1084
      1205       797
       619       118         2         1         7        10
       171       693       207       614       192       540      1279      1169
      1310       776
       620       118         2         1         7        10
       112       495       126       496       122       494      1389      1395
       977       794
       621       118         2         1         7        10
       130       572       151       575       169       574      1339      1047
      1283       787
       622       118         2         1         7        10
       138       282        85       358        87       362      1149       975
      1290       794
       623       118         2         1         7        10
        21       266       155       267        20        30       952      1334
      1312       779
       624       118         2         1         7        10
       213       716       199       427       200       467      1177      1394
      1274       796
       625       118         2         1         7        10
       204       310       198       238        27       303      1381       935
      1352       790
       626       118         2         1         7        10
       232      1356       782      1285       230       560      1340      1078
      1286       797
       627       118         2         1         7        10
       167       516       119       524       118       525      1343      1390
      1326       795
       628       118         2         1         7        10
       232       558       128       556       230       560      1356      1344
      1285       782
       629       118         2         1         7        10
       129       551       128       550       125       552      1287      1344
      1314       782
       630       118         2         1         7        10
       155       277       213       466       104       461      1335      1177
      1396       796
       631       118         2         1         7        10
       225       625       147       622       150       624      1370      1302
      1337       798
       632       118         2         1         7        10
       188       346       189       347        82       344      1309      1379
      1115       785
       633       118         2         1         7        10
       195       724       215       723       196       335      1357      1355
      1330       780
       634       118         2         1         7        10
        24       290       111       291        25        34      1289      1218
      1086       783
       635       118         2         1         7        10
        75       762        17        72        70       761       908      1164
      1256       793
       636       118         2         1         7        10
       186       713       190       717       188       590       957      1305
      1309       785
       637       118         2         1         7        10
        23       284       112       285        24        33      1121      1388
      1289       783
       638       118         2         1         7        10
       141       442       140       438        99       322      1292      1182
      1391       789
       639       118         2         1         7        10
       112       288       138       374       126       495      1389      1149
      1395       794
       640       118         2         1         7        10
       185       448       199       716       213       283      1331      1378
      1201       786
       641       118         2         1         7        10
        20       267       155       270       191       259      1312      1334
      1349       779
       642       118         2         1         7        10
       219       368        86       361       220       367      1332      1111
      1322       788
       643       118         2         1         7        10
       125       371       126       370        87       372      1269      1395
      1290       794
       644       118         2         1         7        10
       111       294       112       489       113       488      1218      1388
      1042       783
       645       118         2         1         7        10
        84       354       152       356       187       355      1189      1278
      1238       791
       646       118         2         1         7        10
       179       708       226       678       232       704      1205      1185
      1340       797
       647       118         2         1         7        10
       135       309       204       302        26       298      1140      1381
      1253       790
       648       118         2         1         7        10
       108       476       107       468       154       477      1324      1301
      1037       792
       649       118         2         1         7        10
       106       388       131       472       156       471      1382      1304
      1317       781
       650       118         2         1         7        10
       157       568       131       567       130       569      1333      1099
      1339       787
       651       118         2         1         7        10
        87       370       126       374       138       362      1290      1395
      1149       794
       652       118         2         1         7        10
        99       321        78       318       141       322      1391      1134
      1292       789
       653       118         2         1         7        10
       137       599       232       560       230       601      1146      1340
      1286       797
       654       118         2         1         7        10
       107       476       108       475       109       474      1301      1324
      1353       792
       655       118         2         1         7        10
       200       456       104       466       213       467      1274      1396
      1177       796
       656       118         2         1         7        10
       190       718       189       346       188       717      1305      1379
      1309       785
       657       118         2         1         7        10
       184       446       100       445       185       289      1137      1338
      1331       786
       658       118         2         1         7        10
       102       451       104       456       200       422       960      1396
      1274       796
       659       118         2         1         7        10
       106       471       156       473       177       397      1382      1317
      1368       781
       660       118         2         1         7        10
       128       551       129       557       230       556      1344      1287
      1285       782
       661       118         2         1         7        10
       100       426       199       448       185       445      1338      1378
      1331       786
       662       118         2         1         7        10
       152       353        88       378       194       377      1278      1315
      1213       791
       663       118         2         1         7        10
       117       515       119       516       167       512      1294      1390
      1343       795
       664       118         2         1         7        10
        88       353       152       354        84       350      1315      1278
      1189       791
       665       118         2         1         7        10
       119       515       117       517       216       518      1390      1294
      1167       795
       666       118         2         1         7        10
       111       290        24       285       112       294      1218      1289
      1388       783
       667       118         2         1         7        10
       130       574       169       576       157       569      1339      1283
      1333       787
       668       118         2         1         7        10
        27        36        26       302       204       303      1352      1253
      1381       790
       669       118         2         1         7        10
       147       628       224       629       175       627      1302      1192
       841       798
       670       118         2         1         7        10
       224       630       225       727       195       337      1192      1370
      1358       798
       671       118         2         1         7        10
       212       263       227       732       220       271      1346      1245
      1322       788
       672       118         2         1         7        10
       232       599       137       595       174       600      1340      1146
      1366       797
       673       118         2         1         7        10
       227       721       219       367       220       732      1245      1332
      1322       788
       674       118         2         1         7        10
       224       628       147       625       225       630      1192      1302
      1370       798
       675       118         2         1         7        10
       174       698       179       704       232       600      1366      1205
      1340       797
       676       118         2         1         7        10
        59      1398        55      1399        11        60      1386       747
      1385        50
       677       118         2         1         7        10
        11      1399        55       746         8      1270      1385       747
        51        50
       678       118         2         1         7        10
         8      1387        12      1400        55       746      1270        58
      1399        11
       679       118         2         1         7        10
        12       749        59      1398        55      1400        58        60
      1399        11
       680       118         2         1         7        10
        50       747        55       748         9        52      1386      1398
      1401        59
       681       118         2         1         7        10
        13       751        63      1064        10      1392        62        65
      1065        14
       682       118         2         1         7        10
        12      1387         8       746        55      1400      1207        47
        56         7
       683       118         2         1         7        10
        59       749        12      1400        55      1398       750        64
      1068        63
       684       118         2         1         7        10
        12      1402       785       828       183      1403      1206       958
       603       139
       685       118         2         1         7        10
       183       828       785      1402        12      1403       826       827
        66        15
       686       118         2         1         7        10
       183       604       181      1258        12      1403       603       602
      1206       139
       687       118         2         1         7        10
        12      1258       181       604       183      1403        66       892
       826        15
       688       118         2         1         7        10
       776       915       768       803       764      1404       917       910
       897       778
       689       118         2         1         7        10
       776      1373        10      1024       764      1404      1376      1065
      1066        14
       690       118         2         1         7        10
         6       994       777      1005        39       737        42      1029
        41         5
       691       118         2         1         7        10
        39      1005       777       994         6       737      1007       926
       997       787
       692       118         2         1         7        10
       798       966         1       247       234      1132       967       244
       248       237
       693       118         2         1         7        10
       798      1132       234       247         1       966       843       899
      1069       763
       694       118         2         1         7        10
       766      1016       782      1405       793       866       863       904
       867       769
       695       118         2         1         7        10
       766       866       793      1405       782      1016      1157      1256
      1159        70
       696       118         2         1         7        10
        75       908       793      1405       782      1141       869       867
       904       769
       697       118         2         1         7        10
        75      1141       782      1405       793       908       761      1159
      1256        70
       698       118         2         1         7        10
       772      1384         8      1406       136       943       942        48
       941         3
       699       118         2         1         7        10
        91       394       136      1406         8      1273       951       941
        48         3
       700       118         2         1         7        10
        11      1143        91       394       136      1407      1270      1273
      1406         8
       701       118         2         1         7        10
       136       394        91      1143        11      1407      1262      1144
      1145       797
       702       118         2         1         7        10
       136       943       772      1359        11      1407      1406      1384
      1270         8
       703       118         2         1         7        10
        11      1359       772       943       136      1407      1145       891
      1262       797
       704       118         2         1         7        10
       781      1303       133       879       787       987      1397       877
       878         4
       705       118         2         1         7        10
       781       987       787       879       133      1303      1304      1099
       391       131
       706       118         2         1         7        10
        17      1162       767       928       765      1408        74       927
       799        18
       707       118         2         1         7        10
       765       928       767      1162        17      1408       865      1113
      1164       793
       708       118         2         1         7        10
       765       851        75       762        17      1408       799        77
        74        18
       709       118         2         1         7        10
        17       762        75       851       765      1408      1164       908
       865       793
       710       118         2         1         7        10
       160      1215       778      1212       153       652       654      1214
       653       229
       711       118         2         1         7        10
       153      1212       778      1215       160       652      1160       896
      1224       771
       712       118         2         1         7        10
        18      1227       776      1404       764       801        73      1376
      1066        14
       713       118         2         1         7        10
       764      1404       776      1227        18       801       803       915
       802       768
       714       118         2         1         7        10
       113       978       794      1389       112       489       493       977
       494       122
       715       118         2         1         7        10
       112      1389       794       978       113       489      1388      1043
      1042       783
       716       118         2         1         7        10
       110      1272        11      1142       137       402      1204        68
      1153        16
       717       118         2         1         7        10
       137      1142        11      1272       110       402       401      1143
       386        91
       718       118         2         1         7        10
       764      1067        63      1409       785       979       850       759
       980        75
       719       118         2         1         7        10
        15       827       785      1409        63       757        76       980
       759        75
       720       118         2         1         7        10
       134      1351       785       958       139       582       585       957
       586       186
       721       118         2         1         7        10
       139       958       785      1351       134       582       884      1239
      1221       775
       722       118         2         1         7        10
       794      1190        86       364       211      1268       920      1110
      1266       769
       723       118         2         1         7        10
       794      1268       211       364        86      1190      1290       363
       359        87
       724       118         2         1         7        10
       787      1284       161       673       202      1022       998      1288
      1021       771
       725       118         2         1         7        10
       787      1022       202       673       161      1284      1283       663
       649       169
       726       118         2         1         7        10
        63        64        12      1402       785      1409       757        66
       827        15
       727       118         2         1         7        10
        59      1383       772       847       763      1410      1386      1096
      1094        50
       728       118         2         1         7        10
       763      1155         9      1401        59      1410      1094        52
      1386        50
       729       118         2         1         7        10
       774      1363        13      1411       763       805      1362      1361
      1155         9
       730       118         2         1         7        10
        59      1410       763      1411        13        61      1401      1155
      1361         9
       731       118         2         1         7        10
       187      1236       785      1351       134       588       357      1309
       589       188
       732       118         2         1         7        10
       134      1351       785      1236       187       588      1221      1239
      1240       775
       733       118         2         1         7        10
       788      1380       189       347        82       988      1245       348
       349       227
       734       118         2         1         7        10
       788       988        82       347       189      1380      1116      1115
      1379       785
       735       118         2         1         7        10
       764      1023        55      1412       785       979      1067      1068
      1409        63
       736       118         2         1         7        10
        12      1402       785      1412        55      1400        64      1409
      1068        63
       737       118         2         1         7        10
       797      1327       172       635       173      1084       891      1276
      1073       772
       738       118         2         1         7        10
       797      1084       173       635       172      1327      1366       696
       596       174
       739       118         2         1         7        10
       763      1139         5      1413       774       805      1155        49
      1362         9
       740       118         2         1         7        10
       784      1072       774      1413         5      1367      1365      1362
        49         9
       741       118         2         1         7        10
       784      1367         5      1413       774      1072      1296      1244
      1251       795
       742       118         2         1         7        10
       774      1163        17      1414       763       805      1363        69
      1411        13
       743       118         2         1         7        10
       774       805       763      1414        17      1163      1128      1178
      1164       793
       744       118         2         1         7        10
        59      1410       763      1414        17       754        61      1411
        69        13
       745       118         2         1         7        10
       787      1007        39       735         4       878      1027       736
        44        43
       746       118         2         1         7        10
       787       878         4       735        39      1007       987      1397
      1308       781
       747       118         2         1         7        10
        55       748         9      1415        63      1068        57        54
      1064        10
       748       118         2         1         7        10
        55      1068        63      1415         9       748      1398       750
      1401        59
       749       118         2         1         7        10
        13       751        63      1415         9      1361      1392      1064
        54        10
       750       118         2         1         7        10
        13      1361         9      1415        63       751        61      1401
       750        59
       751       118         2         1         7        10
       776      1230         6      1416       764      1404      1373        53
      1024        10
       752       118         2         1         7        10
       776      1404       764      1416         6      1230       917       897
      1231       778
       753       118         2         1         7        10
        43       832       764      1416         6        45       744      1024
        53        10
       754       118         2         1         7        10
        70      1194       772       847       763      1417       755      1383
      1410        59
       755       118         2         1         7        10
       763       847       772      1194        70      1417      1178      1257
      1256       793
       756       118         2         1         7        10
       763      1414        17        72        70      1417      1410       754
       755        59
       757       118         2         1         7        10
        70        72        17      1414       763      1417      1256      1164
      1178       793
       758       118         2         1         7        10
        55        56         7      1418       785      1412      1400      1207
      1402        12
       759       118         2         1         7        10
       139       958       785      1418         7       883      1206      1402
      1207        12
       760       118         2         1         7        10
       139       883         7      1418       785       958       884       885
      1239       775
       761       118         2         1         7        10
        43       743         7      1418       785      1419       745        56
      1412        55
       762       118         2         1         7        10
       785      1418         7       743        43      1419      1239       885
       833       775
       763       118         2         1         7        10
       785       979       764       832        43      1419      1412      1023
       745        55
       764       118         2         1         7        10
        43       832       764       979       785      1419       833       834
      1239       775
       765       118         2         1         7        10
       771       831       764      1416         6       996       830       832
        45        43
       766       118         2         1         7        10
         6      1416       764       831       771       996      1231       897
       896       778
       767       118         2         1         7        10
       774       947       780      1151         5      1413       805       946
      1139       763
       768       118         2         1         7        10
       774      1413         5      1151       780       947      1251      1244
      1168       795
       769       118         2         1         7        10
        89      1420         4      1397       781      1277      1220        38
       991         3
       770       118         2         1         7        10
         4      1421       110       385        89      1420      1202       389
       390       180
       771       118         2         1         7        10
        89       385       110      1421         4      1420      1220      1316
        38         3
       772       118         2         1         7        10
         4        46         7      1328       110      1421      1202      1208
       389       180
       773       118         2         1         7        10
       110      1328         7        46         4      1421      1316       738
        38         3
       774       118         2         1         7        10
        89      1420         4       877       133       392      1277      1397
      1303       781
       775       118         2         1         7        10
        89       392       133       877         4      1420       390       393
      1202       180
    -1
    -1
  2467
         1         0         0         0         0         0         0         2
Face5
         8         1         0         0         8         2         0         0
         2         0         0         0         0         0         0       773
Solid1
         8         3         0         0         8         4         0         0
         8         5         0         0         8         6         0         0
         8         7         0         0         8         8         0         0
         8         9         0         0         8        10         0         0
         8        11         0         0         8        12         0         0
         8        13         0         0         8        14         0         0
         8        15         0         0         8        16         0         0
         8        17         0         0         8        18         0         0
         8        19         0         0         8        20         0         0
         8        21         0         0         8        22         0         0
         8        23         0         0         8        24         0         0
         8        25         0         0         8        26         0         0
         8        27         0         0         8        28         0         0
         8        29         0         0         8        30         0         0
         8        31         0         0         8        32         0         0
         8        33         0         0         8        34         0         0
         8        35         0         0         8        36         0         0
         8        37         0         0         8        38         0         0
         8        39         0         0         8        40         0         0
         8        41         0         0         8        42         0         0
         8        43         0         0         8        44         0         0
         8        45         0         0         8        46         0         0
         8        47         0         0         8        48         0         0
         8        49         0         0         8        50         0         0
         8        51         0         0         8        52         0         0
         8        53         0         0         8        54         0         0
         8        55         0         0         8        56         0         0
         8        57         0         0         8        58         0         0
         8        59         0         0         8        60         0         0
         8        61         0         0         8        62         0         0
         8        63         0         0         8        64         0         0
         8        65         0         0         8        66         0         0
         8        67         0         0         8        68         0         0
         8        69         0         0         8        70         0         0
         8        71         0         0         8        72         0         0
         8        73         0         0         8        74         0         0
         8        75         0         0         8        76         0         0
         8        77         0         0         8        78         0         0
         8        79         0         0         8        80         0         0
         8        81         0         0         8        82         0         0
         8        83         0         0         8        84         0         0
         8        85         0         0         8        86         0         0
         8        87         0         0         8        88         0         0
         8        89         0         0         8        90         0         0
         8        91         0         0         8        92         0         0
         8        93         0         0         8        94         0         0
         8        95         0         0         8        96         0         0
         8        97         0         0         8        98         0         0
         8        99         0         0         8       100         0         0
         8       101         0         0         8       102         0         0
         8       103         0         0         8       104         0         0
         8       105         0         0         8       106         0         0
         8       107         0         0         8       108         0         0
         8       109         0         0         8       110         0         0
         8       111         0         0         8       112         0         0
         8       113         0         0         8       114         0         0
         8       115         0         0         8       116         0         0
         8       117         0         0         8       118         0         0
         8       119         0         0         8       120         0         0
         8       121         0         0         8       122         0         0
         8       123         0         0         8       124         0         0
         8       125         0         0         8       126         0         0
         8       127         0         0         8       128         0         0
         8       129         0         0         8       130         0         0
         8       131         0         0         8       132         0         0
         8       133         0         0         8       134         0         0
         8       135         0         0         8       136         0         0
         8       137         0         0         8       138         0         0
         8       139         0         0         8       140         0         0
         8       141         0         0         8       142         0         0
         8       143         0         0         8       144         0         0
         8       145         0         0         8       146         0         0
         8       147         0         0         8       148         0         0
         8       149         0         0         8       150         0         0
         8       151         0         0         8       152         0         0
         8       153         0         0         8       154         0         0
         8       155         0         0         8       156         0         0
         8       157         0         0         8       158         0         0
         8       159         0         0         8       160         0         0
         8       161         0         0         8       162         0         0
         8       163         0         0         8       164         0         0
         8       165         0         0         8       166         0         0
         8       167         0         0         8       168         0         0
         8       169         0         0         8       170         0         0
         8       171         0         0         8       172         0         0
         8       173         0         0         8       174         0         0
         8       175         0         0         8       176         0         0
         8       177         0         0         8       178         0         0
         8       179         0         0         8       180         0         0
         8       181         0         0         8       182         0         0
         8       183         0         0         8       184         0         0
         8       185         0         0         8       186         0         0
         8       187         0         0         8       188         0         0
         8       189         0         0         8       190         0         0
         8       191         0         0         8       192         0         0
         8       193         0         0         8       194         0         0
         8       195         0         0         8       196         0         0
         8       197         0         0         8       198         0         0
         8       199         0         0         8       200         0         0
         8       201         0         0         8       202         0         0
         8       203         0         0         8       204         0         0
         8       205         0         0         8       206         0         0
         8       207         0         0         8       208         0         0
         8       209         0         0         8       210         0         0
         8       211         0         0         8       212         0         0
         8       213         0         0         8       214         0         0
         8       215         0         0         8       216         0         0
         8       217         0         0         8       218         0         0
         8       219         0         0         8       220         0         0
         8       221         0         0         8       222         0         0
         8       223         0         0         8       224         0         0
         8       225         0         0         8       226         0         0
         8       227         0         0         8       228         0         0
         8       229         0         0         8       230         0         0
         8       231         0         0         8       232         0         0
         8       233         0         0         8       234         0         0
         8       235         0         0         8       236         0         0
         8       237         0         0         8       238         0         0
         8       239         0         0         8       240         0         0
         8       241         0         0         8       242         0         0
         8       243         0         0         8       244         0         0
         8       245         0         0         8       246         0         0
         8       247         0         0         8       248         0         0
         8       249         0         0         8       250         0         0
         8       251         0         0         8       252         0         0
         8       253         0         0         8       254         0         0
         8       255         0         0         8       256         0         0
         8       257         0         0         8       258         0         0
         8       259         0         0         8       260         0         0
         8       261         0         0         8       262         0         0
         8       263         0         0         8       264         0         0
         8       265         0         0         8       266         0         0
         8       267         0         0         8       268         0         0
         8       269         0         0         8       270         0         0
         8       271         0         0         8       272         0         0
         8       273         0         0         8       274         0         0
         8       275         0         0         8       276         0         0
         8       277         0         0         8       278         0         0
         8       279         0         0         8       280         0         0
         8       281         0         0         8       282         0         0
         8       283         0         0         8       284         0         0
         8       285         0         0         8       286         0         0
         8       287         0         0         8       288         0         0
         8       289         0         0         8       290         0         0
         8       291         0         0         8       292         0         0
         8       293         0         0         8       294         0         0
         8       295         0         0         8       296         0         0
         8       297         0         0         8       298         0         0
         8       299         0         0         8       300         0         0
         8       301         0         0         8       302         0         0
         8       303         0         0         8       304         0         0
         8       305         0         0         8       306         0         0
         8       307         0         0         8       308         0         0
         8       309         0         0         8       310         0         0
         8       311         0         0         8       312         0         0
         8       313         0         0         8       314         0         0
         8       315         0         0         8       316         0         0
         8       317         0         0         8       318         0         0
         8       319         0         0         8       320         0         0
         8       321         0         0         8       322         0         0
         8       323         0         0         8       324         0         0
         8       325         0         0         8       326         0         0
         8       327         0         0         8       328         0         0
         8       329         0         0         8       330         0         0
         8       331         0         0         8       332         0         0
         8       333         0         0         8       334         0         0
         8       335         0         0         8       336         0         0
         8       337         0         0         8       338         0         0
         8       339         0         0         8       340         0         0
         8       341         0         0         8       342         0         0
         8       343         0         0         8       344         0         0
         8       345         0         0         8       346         0         0
         8       347         0         0         8       348         0         0
         8       349         0         0         8       350         0         0
         8       351         0         0         8       352         0         0
         8       353         0         0         8       354         0         0
         8       355         0         0         8       356         0         0
         8       357         0         0         8       358         0         0
         8       359         0         0         8       360         0         0
         8       361         0         0         8       362         0         0
         8       363         0         0         8       364         0         0
         8       365         0         0         8       366         0         0
         8       367         0         0         8       368         0         0
         8       369         0         0         8       370         0         0
         8       371         0         0         8       372         0         0
         8       373         0         0         8       374         0         0
         8       375         0         0         8       376         0         0
         8       377         0         0         8       378         0         0
         8       379         0         0         8       380         0         0
         8       381         0         0         8       382         0         0
         8       383         0         0         8       384         0         0
         8       385         0         0         8       386         0         0
         8       387         0         0         8       388         0         0
         8       389         0         0         8       390         0         0
         8       391         0         0         8       392         0         0
         8       393         0         0         8       394         0         0
         8       395         0         0         8       396         0         0
         8       397         0         0         8       398         0         0
         8       399         0         0         8       400         0         0
         8       401         0         0         8       402         0         0
         8       403         0         0         8       404         0         0
         8       405         0         0         8       406         0         0
         8       407         0         0         8       408         0         0
         8       409         0         0         8       410         0         0
         8       411         0         0         8       412         0         0
         8       413         0         0         8       414         0         0
         8       415         0         0         8       416         0         0
         8       417         0         0         8       418         0         0
         8       419         0         0         8       420         0         0
         8       421         0         0         8       422         0         0
         8       423         0         0         8       424         0         0
         8       425         0         0         8       426         0         0
         8       427         0         0         8       428         0         0
         8       429         0         0         8       430         0         0
         8       431         0         0         8       432         0         0
         8       433         0         0         8       434         0         0
         8       435         0         0         8       436         0         0
         8       437         0         0         8       438         0         0
         8       439         0         0         8       440         0         0
         8       441         0         0         8       442         0         0
         8       443         0         0         8       444         0         0
         8       445         0         0         8       446         0         0
         8       447         0         0         8       448         0         0
         8       449         0         0         8       450         0         0
         8       451         0         0         8       452         0         0
         8       453         0         0         8       454         0         0
         8       455         0         0         8       456         0         0
         8       457         0         0         8       458         0         0
         8       459         0         0         8       460         0         0
         8       461         0         0         8       462         0         0
         8       463         0         0         8       464         0         0
         8       465         0         0         8       466         0         0
         8       467         0         0         8       468         0         0
         8       469         0         0         8       470         0         0
         8       471         0         0         8       472         0         0
         8       473         0         0         8       474         0         0
         8       475         0         0         8       476         0         0
         8       477         0         0         8       478         0         0
         8       479         0         0         8       480         0         0
         8       481         0         0         8       482         0         0
         8       483         0         0         8       484         0         0
         8       485         0         0         8       486         0         0
         8       487         0         0         8       488         0         0
         8       489         0         0         8       490         0         0
         8       491         0         0         8       492         0         0
         8       493         0         0         8       494         0         0
         8       495         0         0         8       496         0         0
         8       497         0         0         8       498         0         0
         8       499         0         0         8       500         0         0
         8       501         0         0         8       502         0         0
         8       503         0         0         8       504         0         0
         8       505         0         0         8       506         0         0
         8       507         0         0         8       508         0         0
         8       509         0         0         8       510         0         0
         8       511         0         0         8       512         0         0
         8       513         0         0         8       514         0         0
         8       515         0         0         8       516         0         0
         8       517         0         0         8       518         0         0
         8       519         0         0         8       520         0         0
         8       521         0         0         8       522         0         0
         8       523         0         0         8       524         0         0
         8       525         0         0         8       526         0         0
         8       527         0         0         8       528         0         0
         8       529         0         0         8       530         0         0
         8       531         0         0         8       532         0         0
         8       533         0         0         8       534         0         0
         8       535         0         0         8       536         0         0
         8       537         0         0         8       538         0         0
         8       539         0         0         8       540         0         0
         8       541         0         0         8       542         0         0
         8       543         0         0         8       544         0         0
         8       545         0         0         8       546         0         0
         8       547         0         0         8       548         0         0
         8       549         0         0         8       550         0         0
         8       551         0         0         8       552         0         0
         8       553         0         0         8       554         0         0
         8       555         0         0         8       556         0         0
         8       557         0         0         8       558         0         0
         8       559         0         0         8       560         0         0
         8       561         0         0         8       562         0         0
         8       563         0         0         8       564         0         0
         8       565         0         0         8       566         0         0
         8       567         0         0         8       568         0         0
         8       569         0         0         8       570         0         0
         8       571         0         0         8       572         0         0
         8       573         0         0         8       574         0         0
         8       575         0         0         8       576         0         0
         8       577         0         0         8       578         0         0
         8       579         0         0         8       580         0         0
         8       581         0         0         8       582         0         0
         8       583         0         0         8       584         0         0
         8       585         0         0         8       586         0         0
         8       587         0         0         8       588         0         0
         8       589         0         0         8       590         0         0
         8       591         0         0         8       592         0         0
         8       593         0         0         8       594         0         0
         8       595         0         0         8       596         0         0
         8       597         0         0         8       598         0         0
         8       599         0         0         8       600         0         0
         8       601         0         0         8       602         0         0
         8       603         0         0         8       604         0         0
         8       605         0         0         8       606         0         0
         8       607         0         0         8       608         0         0
         8       609         0         0         8       610         0         0
         8       611         0         0         8       612         0         0
         8       613         0         0         8       614         0         0
         8       615         0         0         8       616         0         0
         8       617         0         0         8       618         0         0
         8       619         0         0         8       620         0         0
         8       621         0         0         8       622         0         0
         8       623         0         0         8       624         0         0
         8       625         0         0         8       626         0         0
         8       627         0         0         8       628         0         0
         8       629         0         0         8       630         0         0
         8       631         0         0         8       632         0         0
         8       633         0         0         8       634         0         0
         8       635         0         0         8       636         0         0
         8       637         0         0         8       638         0         0
         8       639         0         0         8       640         0         0
         8       641         0         0         8       642         0         0
         8       643         0         0         8       644         0         0
         8       645         0         0         8       646         0         0
         8       647         0         0         8       648         0         0
         8       649         0         0         8       650         0         0
         8       651         0         0         8       652         0         0
         8       653         0         0         8       654         0         0
         8       655         0         0         8       656         0         0
         8       657         0         0         8       658         0         0
         8       659         0         0         8       660         0         0
         8       661         0         0         8       662         0         0
         8       663         0         0         8       664         0         0
         8       665         0         0         8       666         0         0
         8       667         0         0         8       668         0         0
         8       669         0         0         8       670         0         0
         8       671         0         0         8       672         0         0
         8       673         0         0         8       674         0         0
         8       675         0         0         8       676         0         0
         8       677         0         0         8       678         0         0
         8       679         0         0         8       680         0         0
         8       681         0         0         8       682         0         0
         8       683         0         0         8       684         0         0
         8       685         0         0         8       686         0         0
         8       687         0         0         8       688         0         0
         8       689         0         0         8       690         0         0
         8       691         0         0         8       692         0         0
         8       693         0         0         8       694         0         0
         8       695         0         0         8       696         0         0
         8       697         0         0         8       698         0         0
         8       699         0         0         8       700         0         0
         8       701         0         0         8       702         0         0
         8       703         0         0         8       704         0         0
         8       705         0         0         8       706         0         0
         8       707         0         0         8       708         0         0
         8       709         0         0         8       710         0         0
         8       711         0         0         8       712         0         0
         8       713         0         0         8       714         0         0
         8       715         0         0         8       716         0         0
         8       717         0         0         8       718         0         0
         8       719         0         0         8       720         0         0
         8       721         0         0         8       722         0         0
         8       723         0         0         8       724         0         0
         8       725         0         0         8       726         0         0
         8       727         0         0         8       728         0         0
         8       729         0         0         8       730         0         0
         8       731         0         0         8       732         0         0
         8       733         0         0         8       734         0         0
         8       735         0         0         8       736         0         0
         8       737         0         0         8       738         0         0
         8       739         0         0         8       740         0         0
         8       741         0         0         8       742         0         0
         8       743         0         0         8       744         0         0
         8       745         0         0         8       746         0         0
         8       747         0         0         8       748         0         0
         8       749         0         0         8       750         0         0
         8       751         0         0         8       752         0         0
         8       753         0         0         8       754         0         0
         8       755         0         0         8       756         0         0
         8       757         0         0         8       758         0         0
         8       759         0         0         8       760         0         0
         8       761         0         0         8       762         0         0
         8       763         0         0         8       764         0         0
         8       765         0         0         8       766         0         0
         8       767         0         0         8       768         0         0
         8       769         0         0         8       770         0         0
         8       771         0         0         8       772         0         0
         8       773         0         0         8       774         0         0
         8       775         0         0
    -1
